X,Y,track_fid,track_seg_id,track_seg_point_id,ele,time,magvar,geoidheight,name,cmt,desc,src,link1_href,link1_text,link1_type,link2_href,link2_text,link2_type,sym,type,fix,sat,hdop,vdop,pdop,ageofdgpsdata,dgpsid
-79.855106,43.259998,"0","0","0",85.9,2025/10/26 01:31:38+00,,,,,,,,,,,,,,,,,,,,,
-79.855106,43.259998,"0","0","1",85.9,2025/10/26 01:31:39+00,,,,,,,,,,,,,,,,,,,,,
-79.855117,43.26002,"0","0","2",85.9,2025/10/26 01:31:40+00,,,,,,,,,,,,,,,,,,,,,
-79.855118,43.260031,"0","0","3",85.9,2025/10/26 01:31:41+00,,,,,,,,,,,,,,,,,,,,,
-79.855116,43.260034,"0","0","4",85.9,2025/10/26 01:31:42+00,,,,,,,,,,,,,,,,,,,,,
-79.85511,43.260037,"0","0","5",85.9,2025/10/26 01:31:43+00,,,,,,,,,,,,,,,,,,,,,
-79.855103,43.260037,"0","0","6",85.9,2025/10/26 01:31:44+00,,,,,,,,,,,,,,,,,,,,,
-79.855097,43.260039,"0","0","7",85.9,2025/10/26 01:31:45+00,,,,,,,,,,,,,,,,,,,,,
-79.855092,43.260036,"0","0","8",85.9,2025/10/26 01:31:46+00,,,,,,,,,,,,,,,,,,,,,
-79.855089,43.260035,"0","0","9",85.9,2025/10/26 01:31:47+00,,,,,,,,,,,,,,,,,,,,,
-79.855086,43.260034,"0","0","10",85.9,2025/10/26 01:31:48+00,,,,,,,,,,,,,,,,,,,,,
-79.855085,43.26003,"0","0","11",85.9,2025/10/26 01:31:49+00,,,,,,,,,,,,,,,,,,,,,
-79.855084,43.260026,"0","0","12",85.9,2025/10/26 01:31:50+00,,,,,,,,,,,,,,,,,,,,,
-79.855085,43.26002,"0","0","13",85.9,2025/10/26 01:31:51+00,,,,,,,,,,,,,,,,,,,,,
-79.855087,43.260014,"0","0","14",85.9,2025/10/26 01:31:52+00,,,,,,,,,,,,,,,,,,,,,
-79.85509,43.260006,"0","0","15",85.9,2025/10/26 01:31:53+00,,,,,,,,,,,,,,,,,,,,,
-79.855093,43.259998,"0","0","16",85.9,2025/10/26 01:31:54+00,,,,,,,,,,,,,,,,,,,,,
-79.855098,43.25999,"0","0","17",86,2025/10/26 01:31:55+00,,,,,,,,,,,,,,,,,,,,,
-79.855103,43.259982,"0","0","18",86,2025/10/26 01:31:56+00,,,,,,,,,,,,,,,,,,,,,
-79.855106,43.259977,"0","0","19",86,2025/10/26 01:31:57+00,,,,,,,,,,,,,,,,,,,,,
-79.855108,43.259971,"0","0","20",86,2025/10/26 01:31:58+00,,,,,,,,,,,,,,,,,,,,,
-79.855109,43.259965,"0","0","21",86,2025/10/26 01:31:59+00,,,,,,,,,,,,,,,,,,,,,
-79.855111,43.259957,"0","0","22",86,2025/10/26 01:32:00+00,,,,,,,,,,,,,,,,,,,,,
-79.855113,43.259949,"0","0","23",86,2025/10/26 01:32:01+00,,,,,,,,,,,,,,,,,,,,,
-79.855117,43.259942,"0","0","24",86,2025/10/26 01:32:02+00,,,,,,,,,,,,,,,,,,,,,
-79.855123,43.259933,"0","0","25",86,2025/10/26 01:32:03+00,,,,,,,,,,,,,,,,,,,,,
-79.855128,43.259925,"0","0","26",86,2025/10/26 01:32:04+00,,,,,,,,,,,,,,,,,,,,,
-79.85513,43.259918,"0","0","27",86,2025/10/26 01:32:05+00,,,,,,,,,,,,,,,,,,,,,
-79.855133,43.25991,"0","0","28",86,2025/10/26 01:32:06+00,,,,,,,,,,,,,,,,,,,,,
-79.855137,43.259903,"0","0","29",86,2025/10/26 01:32:07+00,,,,,,,,,,,,,,,,,,,,,
-79.855141,43.259896,"0","0","30",86,2025/10/26 01:32:08+00,,,,,,,,,,,,,,,,,,,,,
-79.855145,43.259888,"0","0","31",86,2025/10/26 01:32:09+00,,,,,,,,,,,,,,,,,,,,,
-79.85515,43.259881,"0","0","32",86,2025/10/26 01:32:10+00,,,,,,,,,,,,,,,,,,,,,
-79.855153,43.259878,"0","0","33",86,2025/10/26 01:32:11+00,,,,,,,,,,,,,,,,,,,,,
-79.855155,43.259875,"0","0","34",86,2025/10/26 01:32:12+00,,,,,,,,,,,,,,,,,,,,,
-79.855158,43.259869,"0","0","35",86,2025/10/26 01:32:13+00,,,,,,,,,,,,,,,,,,,,,
-79.85516,43.259863,"0","0","36",86,2025/10/26 01:32:14+00,,,,,,,,,,,,,,,,,,,,,
-79.855162,43.259855,"0","0","37",86,2025/10/26 01:32:15+00,,,,,,,,,,,,,,,,,,,,,
-79.855164,43.259846,"0","0","38",86,2025/10/26 01:32:16+00,,,,,,,,,,,,,,,,,,,,,
-79.855168,43.259838,"0","0","39",86,2025/10/26 01:32:17+00,,,,,,,,,,,,,,,,,,,,,
-79.855172,43.25983,"0","0","40",86,2025/10/26 01:32:18+00,,,,,,,,,,,,,,,,,,,,,
-79.855177,43.259821,"0","0","41",86,2025/10/26 01:32:19+00,,,,,,,,,,,,,,,,,,,,,
-79.855181,43.259811,"0","0","42",86,2025/10/26 01:32:20+00,,,,,,,,,,,,,,,,,,,,,
-79.855184,43.259802,"0","0","43",86,2025/10/26 01:32:21+00,,,,,,,,,,,,,,,,,,,,,
-79.855188,43.259793,"0","0","44",86,2025/10/26 01:32:23+00,,,,,,,,,,,,,,,,,,,,,
-79.855192,43.259784,"0","0","45",86,2025/10/26 01:32:24+00,,,,,,,,,,,,,,,,,,,,,
-79.855196,43.259775,"0","0","46",86,2025/10/26 01:32:25+00,,,,,,,,,,,,,,,,,,,,,
-79.855199,43.259769,"0","0","47",86,2025/10/26 01:32:26+00,,,,,,,,,,,,,,,,,,,,,
-79.855199,43.259769,"0","0","48",86,2025/10/26 01:32:27+00,,,,,,,,,,,,,,,,,,,,,
-79.855199,43.259769,"0","0","49",86,2025/10/26 01:32:28+00,,,,,,,,,,,,,,,,,,,,,
-79.855199,43.259769,"0","0","50",86,2025/10/26 01:32:29+00,,,,,,,,,,,,,,,,,,,,,
-79.855199,43.259769,"0","0","51",86,2025/10/26 01:32:30+00,,,,,,,,,,,,,,,,,,,,,
-79.855199,43.259769,"0","0","52",86,2025/10/26 01:32:31+00,,,,,,,,,,,,,,,,,,,,,
-79.855199,43.259769,"0","0","53",86,2025/10/26 01:32:32+00,,,,,,,,,,,,,,,,,,,,,
-79.855199,43.259769,"0","0","54",86,2025/10/26 01:32:33+00,,,,,,,,,,,,,,,,,,,,,
-79.855199,43.259769,"0","0","55",86,2025/10/26 01:32:34+00,,,,,,,,,,,,,,,,,,,,,
-79.855199,43.259769,"0","0","56",86,2025/10/26 01:32:35+00,,,,,,,,,,,,,,,,,,,,,
-79.855199,43.259769,"0","0","57",86,2025/10/26 01:32:36+00,,,,,,,,,,,,,,,,,,,,,
-79.855199,43.259769,"0","0","58",86,2025/10/26 01:32:37+00,,,,,,,,,,,,,,,,,,,,,
-79.855199,43.259769,"0","0","59",86,2025/10/26 01:32:38+00,,,,,,,,,,,,,,,,,,,,,
-79.855199,43.259769,"0","0","60",86,2025/10/26 01:32:39+00,,,,,,,,,,,,,,,,,,,,,
-79.855193,43.259765,"0","0","61",86,2025/10/26 01:32:40+00,,,,,,,,,,,,,,,,,,,,,
-79.855197,43.259758,"0","0","62",86,2025/10/26 01:32:41+00,,,,,,,,,,,,,,,,,,,,,
-79.855202,43.25975,"0","0","63",86,2025/10/26 01:32:42+00,,,,,,,,,,,,,,,,,,,,,
-79.855206,43.259742,"0","0","64",86,2025/10/26 01:32:43+00,,,,,,,,,,,,,,,,,,,,,
-79.855208,43.259736,"0","0","65",86,2025/10/26 01:32:44+00,,,,,,,,,,,,,,,,,,,,,
-79.85521,43.259728,"0","0","66",86,2025/10/26 01:32:45+00,,,,,,,,,,,,,,,,,,,,,
-79.855213,43.259719,"0","0","67",86,2025/10/26 01:32:46+00,,,,,,,,,,,,,,,,,,,,,
-79.855216,43.259711,"0","0","68",86,2025/10/26 01:32:47+00,,,,,,,,,,,,,,,,,,,,,
-79.855218,43.259705,"0","0","69",86,2025/10/26 01:32:48+00,,,,,,,,,,,,,,,,,,,,,
-79.855218,43.259699,"0","0","70",86,2025/10/26 01:32:49+00,,,,,,,,,,,,,,,,,,,,,
-79.855217,43.259692,"0","0","71",86,2025/10/26 01:32:50+00,,,,,,,,,,,,,,,,,,,,,
-79.855216,43.259685,"0","0","72",86,2025/10/26 01:32:51+00,,,,,,,,,,,,,,,,,,,,,
-79.855217,43.259678,"0","0","73",86,2025/10/26 01:32:52+00,,,,,,,,,,,,,,,,,,,,,
-79.855221,43.259672,"0","0","74",86,2025/10/26 01:32:53+00,,,,,,,,,,,,,,,,,,,,,
-79.855221,43.259672,"0","0","75",86,2025/10/26 01:32:54+00,,,,,,,,,,,,,,,,,,,,,
-79.855221,43.259672,"0","0","76",86,2025/10/26 01:32:55+00,,,,,,,,,,,,,,,,,,,,,
-79.855221,43.259672,"0","0","77",86,2025/10/26 01:32:56+00,,,,,,,,,,,,,,,,,,,,,
-79.855221,43.259672,"0","0","78",86,2025/10/26 01:32:57+00,,,,,,,,,,,,,,,,,,,,,
-79.855221,43.259672,"0","0","79",86,2025/10/26 01:32:58+00,,,,,,,,,,,,,,,,,,,,,
-79.855239,43.259664,"0","0","80",86,2025/10/26 01:32:59+00,,,,,,,,,,,,,,,,,,,,,
-79.855245,43.259655,"0","0","81",86,2025/10/26 01:33:00+00,,,,,,,,,,,,,,,,,,,,,
-79.855248,43.259644,"0","0","82",86,2025/10/26 01:33:01+00,,,,,,,,,,,,,,,,,,,,,
-79.85525,43.259634,"0","0","83",86,2025/10/26 01:33:02+00,,,,,,,,,,,,,,,,,,,,,
-79.85525,43.259626,"0","0","84",86,2025/10/26 01:33:03+00,,,,,,,,,,,,,,,,,,,,,
-79.855247,43.259617,"0","0","85",86,2025/10/26 01:33:04+00,,,,,,,,,,,,,,,,,,,,,
-79.855243,43.259609,"0","0","86",86,2025/10/26 01:33:05+00,,,,,,,,,,,,,,,,,,,,,
-79.855238,43.259603,"0","0","87",86,2025/10/26 01:33:06+00,,,,,,,,,,,,,,,,,,,,,
-79.855233,43.259601,"0","0","88",86,2025/10/26 01:33:07+00,,,,,,,,,,,,,,,,,,,,,
-79.855227,43.259598,"0","0","89",86,2025/10/26 01:33:08+00,,,,,,,,,,,,,,,,,,,,,
-79.855223,43.259596,"0","0","90",86,2025/10/26 01:33:09+00,,,,,,,,,,,,,,,,,,,,,
-79.85522,43.259594,"0","0","91",86,2025/10/26 01:33:10+00,,,,,,,,,,,,,,,,,,,,,
-79.855215,43.259592,"0","0","92",86,2025/10/26 01:33:11+00,,,,,,,,,,,,,,,,,,,,,
-79.855209,43.259592,"0","0","93",86,2025/10/26 01:33:12+00,,,,,,,,,,,,,,,,,,,,,
-79.855199,43.259591,"0","0","94",86,2025/10/26 01:33:13+00,,,,,,,,,,,,,,,,,,,,,
-79.855189,43.259588,"0","0","95",86,2025/10/26 01:33:14+00,,,,,,,,,,,,,,,,,,,,,
-79.855178,43.259585,"0","0","96",86,2025/10/26 01:33:15+00,,,,,,,,,,,,,,,,,,,,,
-79.855167,43.259582,"0","0","97",86,2025/10/26 01:33:16+00,,,,,,,,,,,,,,,,,,,,,
-79.855153,43.259578,"0","0","98",86.1,2025/10/26 01:33:17+00,,,,,,,,,,,,,,,,,,,,,
-79.855141,43.259574,"0","0","99",86.1,2025/10/26 01:33:18+00,,,,,,,,,,,,,,,,,,,,,
-79.855133,43.259571,"0","0","100",86.1,2025/10/26 01:33:19+00,,,,,,,,,,,,,,,,,,,,,
-79.855127,43.259565,"0","0","101",86.1,2025/10/26 01:33:20+00,,,,,,,,,,,,,,,,,,,,,
-79.855118,43.259553,"0","0","102",86.1,2025/10/26 01:33:21+00,,,,,,,,,,,,,,,,,,,,,
-79.855112,43.259542,"0","0","103",86.2,2025/10/26 01:33:22+00,,,,,,,,,,,,,,,,,,,,,
-79.855109,43.259532,"0","0","104",86.2,2025/10/26 01:33:23+00,,,,,,,,,,,,,,,,,,,,,
-79.855108,43.25952,"0","0","105",86.2,2025/10/26 01:33:24+00,,,,,,,,,,,,,,,,,,,,,
-79.855109,43.259511,"0","0","106",86.2,2025/10/26 01:33:25+00,,,,,,,,,,,,,,,,,,,,,
-79.855109,43.259504,"0","0","107",86.2,2025/10/26 01:33:26+00,,,,,,,,,,,,,,,,,,,,,
-79.855107,43.259496,"0","0","108",86.2,2025/10/26 01:33:27+00,,,,,,,,,,,,,,,,,,,,,
-79.855104,43.259489,"0","0","109",86.2,2025/10/26 01:33:28+00,,,,,,,,,,,,,,,,,,,,,
-79.855102,43.259481,"0","0","110",86.3,2025/10/26 01:33:29+00,,,,,,,,,,,,,,,,,,,,,
-79.8551,43.259472,"0","0","111",86.3,2025/10/26 01:33:30+00,,,,,,,,,,,,,,,,,,,,,
-79.854861,43.259439,"0","0","112",86.6,2025/10/26 01:34:11+00,,,,,,,,,,,,,,,,,,,,,
-79.854853,43.259437,"0","0","113",86.6,2025/10/26 01:34:12+00,,,,,,,,,,,,,,,,,,,,,
-79.854853,43.259437,"0","0","114",86.6,2025/10/26 01:34:13+00,,,,,,,,,,,,,,,,,,,,,
-79.854853,43.259437,"0","0","115",86.6,2025/10/26 01:34:14+00,,,,,,,,,,,,,,,,,,,,,
-79.854853,43.259437,"0","0","116",86.6,2025/10/26 01:34:15+00,,,,,,,,,,,,,,,,,,,,,
-79.854856,43.259435,"0","0","117",86.6,2025/10/26 01:34:16+00,,,,,,,,,,,,,,,,,,,,,
-79.854856,43.259435,"0","0","118",86.6,2025/10/26 01:34:17+00,,,,,,,,,,,,,,,,,,,,,
-79.854856,43.259435,"0","0","119",86.6,2025/10/26 01:34:18+00,,,,,,,,,,,,,,,,,,,,,
-79.854856,43.259435,"0","0","120",86.6,2025/10/26 01:34:19+00,,,,,,,,,,,,,,,,,,,,,
-79.854859,43.259433,"0","0","121",86.6,2025/10/26 01:34:20+00,,,,,,,,,,,,,,,,,,,,,
-79.854864,43.259435,"0","0","122",86.6,2025/10/26 01:34:21+00,,,,,,,,,,,,,,,,,,,,,
-79.854867,43.259436,"0","0","123",86.6,2025/10/26 01:34:22+00,,,,,,,,,,,,,,,,,,,,,
-79.854871,43.259435,"0","0","124",86.6,2025/10/26 01:34:23+00,,,,,,,,,,,,,,,,,,,,,
-79.854871,43.259435,"0","0","125",86.6,2025/10/26 01:34:24+00,,,,,,,,,,,,,,,,,,,,,
-79.854871,43.259435,"0","0","126",86.6,2025/10/26 01:34:25+00,,,,,,,,,,,,,,,,,,,,,
-79.854871,43.259435,"0","0","127",86.6,2025/10/26 01:34:26+00,,,,,,,,,,,,,,,,,,,,,
-79.854871,43.259435,"0","0","128",86.6,2025/10/26 01:34:27+00,,,,,,,,,,,,,,,,,,,,,
-79.854871,43.259435,"0","0","129",86.6,2025/10/26 01:34:28+00,,,,,,,,,,,,,,,,,,,,,
-79.854871,43.259435,"0","0","130",86.6,2025/10/26 01:34:29+00,,,,,,,,,,,,,,,,,,,,,
-79.854868,43.259423,"0","0","131",86.6,2025/10/26 01:34:30+00,,,,,,,,,,,,,,,,,,,,,
-79.854868,43.259423,"0","0","132",86.6,2025/10/26 01:34:31+00,,,,,,,,,,,,,,,,,,,,,
-79.854868,43.259423,"0","0","133",86.6,2025/10/26 01:34:32+00,,,,,,,,,,,,,,,,,,,,,
-79.854868,43.259423,"0","0","134",86.6,2025/10/26 01:34:33+00,,,,,,,,,,,,,,,,,,,,,
-79.854868,43.259423,"0","0","135",86.6,2025/10/26 01:34:34+00,,,,,,,,,,,,,,,,,,,,,
-79.854868,43.259423,"0","0","136",86.6,2025/10/26 01:34:35+00,,,,,,,,,,,,,,,,,,,,,
-79.854868,43.259423,"0","0","137",86.6,2025/10/26 01:34:36+00,,,,,,,,,,,,,,,,,,,,,
-79.854868,43.259423,"0","0","138",86.6,2025/10/26 01:34:37+00,,,,,,,,,,,,,,,,,,,,,
-79.854868,43.259423,"0","0","139",86.6,2025/10/26 01:34:38+00,,,,,,,,,,,,,,,,,,,,,
-79.854868,43.259423,"0","0","140",86.6,2025/10/26 01:34:39+00,,,,,,,,,,,,,,,,,,,,,
-79.854868,43.259423,"0","0","141",86.6,2025/10/26 01:34:40+00,,,,,,,,,,,,,,,,,,,,,
-79.854868,43.259423,"0","0","142",86.6,2025/10/26 01:34:41+00,,,,,,,,,,,,,,,,,,,,,
-79.854868,43.259423,"0","0","143",86.6,2025/10/26 01:34:42+00,,,,,,,,,,,,,,,,,,,,,
-79.854868,43.259423,"0","0","144",86.6,2025/10/26 01:34:43+00,,,,,,,,,,,,,,,,,,,,,
-79.854852,43.259417,"0","0","145",86.7,2025/10/26 01:34:44+00,,,,,,,,,,,,,,,,,,,,,
-79.854847,43.259415,"0","0","146",86.7,2025/10/26 01:34:45+00,,,,,,,,,,,,,,,,,,,,,
-79.854841,43.259414,"0","0","147",86.7,2025/10/26 01:34:46+00,,,,,,,,,,,,,,,,,,,,,
-79.854841,43.259414,"0","0","148",86.7,2025/10/26 01:34:47+00,,,,,,,,,,,,,,,,,,,,,
-79.854841,43.259414,"0","0","149",86.7,2025/10/26 01:34:48+00,,,,,,,,,,,,,,,,,,,,,
-79.854829,43.259413,"0","0","150",86.7,2025/10/26 01:34:49+00,,,,,,,,,,,,,,,,,,,,,
-79.854822,43.259412,"0","0","151",86.7,2025/10/26 01:34:50+00,,,,,,,,,,,,,,,,,,,,,
-79.85481,43.25941,"0","0","152",86.7,2025/10/26 01:34:51+00,,,,,,,,,,,,,,,,,,,,,
-79.854798,43.259407,"0","0","153",86.7,2025/10/26 01:34:52+00,,,,,,,,,,,,,,,,,,,,,
-79.854784,43.259403,"0","0","154",86.8,2025/10/26 01:34:53+00,,,,,,,,,,,,,,,,,,,,,
-79.854775,43.2594,"0","0","155",86.8,2025/10/26 01:34:54+00,,,,,,,,,,,,,,,,,,,,,
-79.854767,43.259398,"0","0","156",86.8,2025/10/26 01:34:55+00,,,,,,,,,,,,,,,,,,,,,
-79.854754,43.259395,"0","0","157",86.8,2025/10/26 01:34:56+00,,,,,,,,,,,,,,,,,,,,,
-79.854737,43.259391,"0","0","158",86.8,2025/10/26 01:34:57+00,,,,,,,,,,,,,,,,,,,,,
-79.854731,43.259389,"0","0","159",86.8,2025/10/26 01:34:58+00,,,,,,,,,,,,,,,,,,,,,
-79.854731,43.259389,"0","0","160",86.8,2025/10/26 01:34:59+00,,,,,,,,,,,,,,,,,,,,,
-79.854731,43.259389,"0","0","161",86.8,2025/10/26 01:35:00+00,,,,,,,,,,,,,,,,,,,,,
-79.854731,43.259389,"0","0","162",86.8,2025/10/26 01:35:01+00,,,,,,,,,,,,,,,,,,,,,
-79.854731,43.259389,"0","0","163",86.8,2025/10/26 01:35:02+00,,,,,,,,,,,,,,,,,,,,,
-79.854731,43.259389,"0","0","164",86.8,2025/10/26 01:35:03+00,,,,,,,,,,,,,,,,,,,,,
-79.854719,43.259386,"0","0","165",86.8,2025/10/26 01:35:04+00,,,,,,,,,,,,,,,,,,,,,
-79.854712,43.259384,"0","0","166",86.8,2025/10/26 01:35:05+00,,,,,,,,,,,,,,,,,,,,,
-79.854703,43.259382,"0","0","167",86.8,2025/10/26 01:35:06+00,,,,,,,,,,,,,,,,,,,,,
-79.854693,43.259379,"0","0","168",86.8,2025/10/26 01:35:07+00,,,,,,,,,,,,,,,,,,,,,
-79.854686,43.259379,"0","0","169",86.8,2025/10/26 01:35:08+00,,,,,,,,,,,,,,,,,,,,,
-79.854675,43.259376,"0","0","170",86.8,2025/10/26 01:35:09+00,,,,,,,,,,,,,,,,,,,,,
-79.854667,43.259376,"0","0","171",86.8,2025/10/26 01:35:10+00,,,,,,,,,,,,,,,,,,,,,
-79.854659,43.259376,"0","0","172",86.8,2025/10/26 01:35:11+00,,,,,,,,,,,,,,,,,,,,,
-79.854654,43.259377,"0","0","173",86.8,2025/10/26 01:35:12+00,,,,,,,,,,,,,,,,,,,,,
-79.854648,43.259374,"0","0","174",86.8,2025/10/26 01:35:13+00,,,,,,,,,,,,,,,,,,,,,
-79.854651,43.259376,"0","0","175",86.8,2025/10/26 01:35:14+00,,,,,,,,,,,,,,,,,,,,,
-79.854634,43.259372,"0","0","176",86.8,2025/10/26 01:35:15+00,,,,,,,,,,,,,,,,,,,,,
-79.854618,43.259366,"0","0","177",86.8,2025/10/26 01:35:16+00,,,,,,,,,,,,,,,,,,,,,
-79.854608,43.259364,"0","0","178",86.8,2025/10/26 01:35:17+00,,,,,,,,,,,,,,,,,,,,,
-79.854594,43.259359,"0","0","179",86.8,2025/10/26 01:35:18+00,,,,,,,,,,,,,,,,,,,,,
-79.854587,43.25936,"0","0","180",86.8,2025/10/26 01:35:19+00,,,,,,,,,,,,,,,,,,,,,
-79.854582,43.259358,"0","0","181",86.8,2025/10/26 01:35:20+00,,,,,,,,,,,,,,,,,,,,,
-79.854575,43.259357,"0","0","182",86.8,2025/10/26 01:35:21+00,,,,,,,,,,,,,,,,,,,,,
-79.854565,43.259356,"0","0","183",86.8,2025/10/26 01:35:22+00,,,,,,,,,,,,,,,,,,,,,
-79.854555,43.259353,"0","0","184",86.8,2025/10/26 01:35:23+00,,,,,,,,,,,,,,,,,,,,,
-79.854544,43.259352,"0","0","185",86.8,2025/10/26 01:35:24+00,,,,,,,,,,,,,,,,,,,,,
-79.854537,43.25935,"0","0","186",86.8,2025/10/26 01:35:25+00,,,,,,,,,,,,,,,,,,,,,
-79.854529,43.259348,"0","0","187",86.8,2025/10/26 01:35:26+00,,,,,,,,,,,,,,,,,,,,,
-79.854518,43.259345,"0","0","188",86.8,2025/10/26 01:35:27+00,,,,,,,,,,,,,,,,,,,,,
-79.854506,43.259343,"0","0","189",86.8,2025/10/26 01:35:28+00,,,,,,,,,,,,,,,,,,,,,
-79.854493,43.259343,"0","0","190",86.8,2025/10/26 01:35:29+00,,,,,,,,,,,,,,,,,,,,,
-79.854478,43.259343,"0","0","191",86.8,2025/10/26 01:35:30+00,,,,,,,,,,,,,,,,,,,,,
-79.854465,43.259339,"0","0","192",86.8,2025/10/26 01:35:31+00,,,,,,,,,,,,,,,,,,,,,
-79.854454,43.259335,"0","0","193",86.8,2025/10/26 01:35:32+00,,,,,,,,,,,,,,,,,,,,,
-79.854444,43.259329,"0","0","194",86.8,2025/10/26 01:35:33+00,,,,,,,,,,,,,,,,,,,,,
-79.854434,43.259323,"0","0","195",86.8,2025/10/26 01:35:34+00,,,,,,,,,,,,,,,,,,,,,
-79.854423,43.25932,"0","0","196",86.8,2025/10/26 01:35:35+00,,,,,,,,,,,,,,,,,,,,,
-79.854412,43.259316,"0","0","197",86.8,2025/10/26 01:35:36+00,,,,,,,,,,,,,,,,,,,,,
-79.854402,43.259313,"0","0","198",86.8,2025/10/26 01:35:37+00,,,,,,,,,,,,,,,,,,,,,
-79.854394,43.259311,"0","0","199",86.8,2025/10/26 01:35:38+00,,,,,,,,,,,,,,,,,,,,,
-79.854379,43.259308,"0","0","200",86.8,2025/10/26 01:35:39+00,,,,,,,,,,,,,,,,,,,,,
-79.854374,43.259306,"0","0","201",86.8,2025/10/26 01:35:40+00,,,,,,,,,,,,,,,,,,,,,
-79.854368,43.259304,"0","0","202",86.8,2025/10/26 01:35:41+00,,,,,,,,,,,,,,,,,,,,,
-79.854363,43.259302,"0","0","203",86.8,2025/10/26 01:35:42+00,,,,,,,,,,,,,,,,,,,,,
-79.854358,43.259301,"0","0","204",86.8,2025/10/26 01:35:43+00,,,,,,,,,,,,,,,,,,,,,
-79.854353,43.259299,"0","0","205",86.8,2025/10/26 01:35:44+00,,,,,,,,,,,,,,,,,,,,,
-79.854347,43.259297,"0","0","206",86.8,2025/10/26 01:35:45+00,,,,,,,,,,,,,,,,,,,,,
-79.854342,43.259295,"0","0","207",86.8,2025/10/26 01:35:46+00,,,,,,,,,,,,,,,,,,,,,
-79.854337,43.259293,"0","0","208",86.8,2025/10/26 01:35:47+00,,,,,,,,,,,,,,,,,,,,,
-79.854323,43.259287,"0","0","209",86.8,2025/10/26 01:35:48+00,,,,,,,,,,,,,,,,,,,,,
-79.854309,43.259283,"0","0","210",86.8,2025/10/26 01:35:49+00,,,,,,,,,,,,,,,,,,,,,
-79.854295,43.259278,"0","0","211",86.8,2025/10/26 01:35:50+00,,,,,,,,,,,,,,,,,,,,,
-79.854283,43.259273,"0","0","212",86.8,2025/10/26 01:35:51+00,,,,,,,,,,,,,,,,,,,,,
-79.854275,43.259269,"0","0","213",86.7,2025/10/26 01:35:52+00,,,,,,,,,,,,,,,,,,,,,
-79.854268,43.259266,"0","0","214",86.7,2025/10/26 01:35:53+00,,,,,,,,,,,,,,,,,,,,,
-79.85426,43.259262,"0","0","215",86.7,2025/10/26 01:35:54+00,,,,,,,,,,,,,,,,,,,,,
-79.854252,43.259257,"0","0","216",86.7,2025/10/26 01:35:55+00,,,,,,,,,,,,,,,,,,,,,
-79.854245,43.259252,"0","0","217",86.7,2025/10/26 01:35:56+00,,,,,,,,,,,,,,,,,,,,,
-79.854237,43.259248,"0","0","218",86.7,2025/10/26 01:35:57+00,,,,,,,,,,,,,,,,,,,,,
-79.854225,43.259245,"0","0","219",86.7,2025/10/26 01:35:58+00,,,,,,,,,,,,,,,,,,,,,
-79.854196,43.259238,"0","0","220",86.7,2025/10/26 01:35:59+00,,,,,,,,,,,,,,,,,,,,,
-79.854183,43.259235,"0","0","221",86.7,2025/10/26 01:36:00+00,,,,,,,,,,,,,,,,,,,,,
-79.854169,43.259232,"0","0","222",86.7,2025/10/26 01:36:01+00,,,,,,,,,,,,,,,,,,,,,
-79.854142,43.259224,"0","0","223",86.7,2025/10/26 01:36:02+00,,,,,,,,,,,,,,,,,,,,,
-79.854133,43.259221,"0","0","224",86.7,2025/10/26 01:36:03+00,,,,,,,,,,,,,,,,,,,,,
-79.854123,43.259218,"0","0","225",86.7,2025/10/26 01:36:04+00,,,,,,,,,,,,,,,,,,,,,
-79.85411,43.259214,"0","0","226",86.8,2025/10/26 01:36:05+00,,,,,,,,,,,,,,,,,,,,,
-79.854099,43.25921,"0","0","227",86.8,2025/10/26 01:36:06+00,,,,,,,,,,,,,,,,,,,,,
-79.854088,43.259207,"0","0","228",86.8,2025/10/26 01:36:07+00,,,,,,,,,,,,,,,,,,,,,
-79.854075,43.259203,"0","0","229",86.9,2025/10/26 01:36:08+00,,,,,,,,,,,,,,,,,,,,,
-79.854063,43.259198,"0","0","230",86.9,2025/10/26 01:36:09+00,,,,,,,,,,,,,,,,,,,,,
-79.85405,43.259194,"0","0","231",86.9,2025/10/26 01:36:10+00,,,,,,,,,,,,,,,,,,,,,
-79.854041,43.25919,"0","0","232",86.9,2025/10/26 01:36:11+00,,,,,,,,,,,,,,,,,,,,,
-79.854032,43.259187,"0","0","233",86.9,2025/10/26 01:36:12+00,,,,,,,,,,,,,,,,,,,,,
-79.853872,43.259173,"0","0","234",86.9,2025/10/26 01:37:06+00,,,,,,,,,,,,,,,,,,,,,
-79.853859,43.259172,"0","0","235",86.9,2025/10/26 01:37:07+00,,,,,,,,,,,,,,,,,,,,,
-79.853845,43.259169,"0","0","236",86.9,2025/10/26 01:37:08+00,,,,,,,,,,,,,,,,,,,,,
-79.853833,43.259167,"0","0","237",86.9,2025/10/26 01:37:09+00,,,,,,,,,,,,,,,,,,,,,
-79.85382,43.259163,"0","0","238",86.9,2025/10/26 01:37:10+00,,,,,,,,,,,,,,,,,,,,,
-79.85381,43.259161,"0","0","239",86.9,2025/10/26 01:37:11+00,,,,,,,,,,,,,,,,,,,,,
-79.853802,43.25916,"0","0","240",86.9,2025/10/26 01:37:12+00,,,,,,,,,,,,,,,,,,,,,
-79.853792,43.25916,"0","0","241",86.9,2025/10/26 01:37:13+00,,,,,,,,,,,,,,,,,,,,,
-79.853781,43.259159,"0","0","242",86.9,2025/10/26 01:37:14+00,,,,,,,,,,,,,,,,,,,,,
-79.853771,43.259156,"0","0","243",86.9,2025/10/26 01:37:15+00,,,,,,,,,,,,,,,,,,,,,
-79.853766,43.259154,"0","0","244",86.9,2025/10/26 01:37:16+00,,,,,,,,,,,,,,,,,,,,,
-79.853762,43.259153,"0","0","245",86.9,2025/10/26 01:37:17+00,,,,,,,,,,,,,,,,,,,,,
-79.853757,43.259151,"0","0","246",86.9,2025/10/26 01:37:18+00,,,,,,,,,,,,,,,,,,,,,
-79.853753,43.259149,"0","0","247",86.9,2025/10/26 01:37:19+00,,,,,,,,,,,,,,,,,,,,,
-79.853748,43.259147,"0","0","248",86.9,2025/10/26 01:37:20+00,,,,,,,,,,,,,,,,,,,,,
-79.853744,43.259146,"0","0","249",86.9,2025/10/26 01:37:21+00,,,,,,,,,,,,,,,,,,,,,
-79.853739,43.259144,"0","0","250",86.9,2025/10/26 01:37:22+00,,,,,,,,,,,,,,,,,,,,,
-79.853735,43.259142,"0","0","251",86.9,2025/10/26 01:37:23+00,,,,,,,,,,,,,,,,,,,,,
-79.85373,43.25914,"0","0","252",86.9,2025/10/26 01:37:24+00,,,,,,,,,,,,,,,,,,,,,
-79.853726,43.259139,"0","0","253",86.9,2025/10/26 01:37:25+00,,,,,,,,,,,,,,,,,,,,,
-79.853721,43.259137,"0","0","254",86.9,2025/10/26 01:37:26+00,,,,,,,,,,,,,,,,,,,,,
-79.853717,43.259135,"0","0","255",86.9,2025/10/26 01:37:27+00,,,,,,,,,,,,,,,,,,,,,
-79.853702,43.259133,"0","0","256",86.9,2025/10/26 01:37:28+00,,,,,,,,,,,,,,,,,,,,,
-79.853689,43.259133,"0","0","257",86.9,2025/10/26 01:37:29+00,,,,,,,,,,,,,,,,,,,,,
-79.853681,43.259132,"0","0","258",86.9,2025/10/26 01:37:30+00,,,,,,,,,,,,,,,,,,,,,
-79.853671,43.259134,"0","0","259",86.9,2025/10/26 01:37:31+00,,,,,,,,,,,,,,,,,,,,,
-79.85366,43.259135,"0","0","260",86.9,2025/10/26 01:37:32+00,,,,,,,,,,,,,,,,,,,,,
-79.853652,43.259136,"0","0","261",86.9,2025/10/26 01:37:33+00,,,,,,,,,,,,,,,,,,,,,
-79.853643,43.259135,"0","0","262",86.9,2025/10/26 01:37:34+00,,,,,,,,,,,,,,,,,,,,,
-79.853631,43.259134,"0","0","263",86.9,2025/10/26 01:37:35+00,,,,,,,,,,,,,,,,,,,,,
-79.853618,43.259132,"0","0","264",86.9,2025/10/26 01:37:36+00,,,,,,,,,,,,,,,,,,,,,
-79.853606,43.259128,"0","0","265",86.9,2025/10/26 01:37:37+00,,,,,,,,,,,,,,,,,,,,,
-79.853595,43.259126,"0","0","266",86.8,2025/10/26 01:37:38+00,,,,,,,,,,,,,,,,,,,,,
-79.853584,43.259123,"0","0","267",86.8,2025/10/26 01:37:39+00,,,,,,,,,,,,,,,,,,,,,
-79.853572,43.259118,"0","0","268",86.8,2025/10/26 01:37:40+00,,,,,,,,,,,,,,,,,,,,,
-79.85356,43.259113,"0","0","269",86.8,2025/10/26 01:37:41+00,,,,,,,,,,,,,,,,,,,,,
-79.85355,43.259109,"0","0","270",86.8,2025/10/26 01:37:42+00,,,,,,,,,,,,,,,,,,,,,
-79.853541,43.259106,"0","0","271",86.8,2025/10/26 01:37:43+00,,,,,,,,,,,,,,,,,,,,,
-79.853534,43.259104,"0","0","272",86.8,2025/10/26 01:37:44+00,,,,,,,,,,,,,,,,,,,,,
-79.853529,43.259102,"0","0","273",86.8,2025/10/26 01:37:45+00,,,,,,,,,,,,,,,,,,,,,
-79.853525,43.2591,"0","0","274",86.8,2025/10/26 01:37:46+00,,,,,,,,,,,,,,,,,,,,,
-79.853519,43.259094,"0","0","275",86.8,2025/10/26 01:37:47+00,,,,,,,,,,,,,,,,,,,,,
-79.85351,43.259088,"0","0","276",86.8,2025/10/26 01:37:48+00,,,,,,,,,,,,,,,,,,,,,
-79.853499,43.259081,"0","0","277",86.8,2025/10/26 01:37:49+00,,,,,,,,,,,,,,,,,,,,,
-79.853486,43.259076,"0","0","278",86.8,2025/10/26 01:37:50+00,,,,,,,,,,,,,,,,,,,,,
-79.853473,43.259072,"0","0","279",86.8,2025/10/26 01:37:51+00,,,,,,,,,,,,,,,,,,,,,
-79.853461,43.259068,"0","0","280",86.8,2025/10/26 01:37:52+00,,,,,,,,,,,,,,,,,,,,,
-79.853447,43.259065,"0","0","281",86.8,2025/10/26 01:37:53+00,,,,,,,,,,,,,,,,,,,,,
-79.853435,43.259063,"0","0","282",86.8,2025/10/26 01:37:54+00,,,,,,,,,,,,,,,,,,,,,
-79.853422,43.259062,"0","0","283",86.8,2025/10/26 01:37:55+00,,,,,,,,,,,,,,,,,,,,,
-79.853407,43.25906,"0","0","284",86.8,2025/10/26 01:37:56+00,,,,,,,,,,,,,,,,,,,,,
-79.853392,43.259057,"0","0","285",86.8,2025/10/26 01:37:57+00,,,,,,,,,,,,,,,,,,,,,
-79.853379,43.259056,"0","0","286",86.8,2025/10/26 01:37:58+00,,,,,,,,,,,,,,,,,,,,,
-79.853371,43.259055,"0","0","287",86.8,2025/10/26 01:37:59+00,,,,,,,,,,,,,,,,,,,,,
-79.853365,43.259053,"0","0","288",86.7,2025/10/26 01:38:00+00,,,,,,,,,,,,,,,,,,,,,
-79.85336,43.259052,"0","0","289",86.7,2025/10/26 01:38:01+00,,,,,,,,,,,,,,,,,,,,,
-79.853351,43.259048,"0","0","290",86.7,2025/10/26 01:38:02+00,,,,,,,,,,,,,,,,,,,,,
-79.853338,43.259044,"0","0","291",86.7,2025/10/26 01:38:03+00,,,,,,,,,,,,,,,,,,,,,
-79.853328,43.259041,"0","0","292",86.6,2025/10/26 01:38:04+00,,,,,,,,,,,,,,,,,,,,,
-79.85332,43.259039,"0","0","293",86.6,2025/10/26 01:38:05+00,,,,,,,,,,,,,,,,,,,,,
-79.853312,43.259037,"0","0","294",86.6,2025/10/26 01:38:06+00,,,,,,,,,,,,,,,,,,,,,
-79.853301,43.259034,"0","0","295",86.5,2025/10/26 01:38:07+00,,,,,,,,,,,,,,,,,,,,,
-79.853287,43.25903,"0","0","296",86.5,2025/10/26 01:38:08+00,,,,,,,,,,,,,,,,,,,,,
-79.853272,43.259027,"0","0","297",86.5,2025/10/26 01:38:09+00,,,,,,,,,,,,,,,,,,,,,
-79.85326,43.259024,"0","0","298",86.4,2025/10/26 01:38:10+00,,,,,,,,,,,,,,,,,,,,,
-79.853248,43.259021,"0","0","299",86.4,2025/10/26 01:38:11+00,,,,,,,,,,,,,,,,,,,,,
-79.853237,43.259018,"0","0","300",86.4,2025/10/26 01:38:12+00,,,,,,,,,,,,,,,,,,,,,
-79.853231,43.259016,"0","0","301",86.3,2025/10/26 01:38:13+00,,,,,,,,,,,,,,,,,,,,,
-79.853228,43.259015,"0","0","302",86.3,2025/10/26 01:38:14+00,,,,,,,,,,,,,,,,,,,,,
-79.853221,43.259011,"0","0","303",86.3,2025/10/26 01:38:15+00,,,,,,,,,,,,,,,,,,,,,
-79.853209,43.259005,"0","0","304",86.3,2025/10/26 01:38:16+00,,,,,,,,,,,,,,,,,,,,,
-79.853198,43.259,"0","0","305",86.2,2025/10/26 01:38:17+00,,,,,,,,,,,,,,,,,,,,,
-79.853188,43.258995,"0","0","306",86.2,2025/10/26 01:38:18+00,,,,,,,,,,,,,,,,,,,,,
-79.853174,43.25899,"0","0","307",86.2,2025/10/26 01:38:19+00,,,,,,,,,,,,,,,,,,,,,
-79.853157,43.258987,"0","0","308",86.1,2025/10/26 01:38:20+00,,,,,,,,,,,,,,,,,,,,,
-79.853145,43.258985,"0","0","309",86.1,2025/10/26 01:38:21+00,,,,,,,,,,,,,,,,,,,,,
-79.853125,43.258979,"0","0","310",86,2025/10/26 01:38:22+00,,,,,,,,,,,,,,,,,,,,,
-79.853115,43.258976,"0","0","311",86,2025/10/26 01:38:23+00,,,,,,,,,,,,,,,,,,,,,
-79.853106,43.258973,"0","0","312",86,2025/10/26 01:38:24+00,,,,,,,,,,,,,,,,,,,,,
-79.853096,43.25897,"0","0","313",85.9,2025/10/26 01:38:25+00,,,,,,,,,,,,,,,,,,,,,
-79.853082,43.258965,"0","0","314",85.9,2025/10/26 01:38:26+00,,,,,,,,,,,,,,,,,,,,,
-79.85307,43.258962,"0","0","315",85.9,2025/10/26 01:38:27+00,,,,,,,,,,,,,,,,,,,,,
-79.853058,43.25896,"0","0","316",85.8,2025/10/26 01:38:28+00,,,,,,,,,,,,,,,,,,,,,
-79.853044,43.258956,"0","0","317",85.8,2025/10/26 01:38:29+00,,,,,,,,,,,,,,,,,,,,,
-79.853032,43.258953,"0","0","318",85.8,2025/10/26 01:38:30+00,,,,,,,,,,,,,,,,,,,,,
-79.853022,43.258951,"0","0","319",85.7,2025/10/26 01:38:31+00,,,,,,,,,,,,,,,,,,,,,
-79.853015,43.258952,"0","0","320",85.7,2025/10/26 01:38:32+00,,,,,,,,,,,,,,,,,,,,,
-79.853011,43.258957,"0","0","321",85.7,2025/10/26 01:38:33+00,,,,,,,,,,,,,,,,,,,,,
-79.853,43.25896,"0","0","322",85.7,2025/10/26 01:38:34+00,,,,,,,,,,,,,,,,,,,,,
-79.85299,43.25896,"0","0","323",85.7,2025/10/26 01:38:35+00,,,,,,,,,,,,,,,,,,,,,
-79.852983,43.258958,"0","0","324",85.6,2025/10/26 01:38:36+00,,,,,,,,,,,,,,,,,,,,,
-79.852975,43.258955,"0","0","325",85.6,2025/10/26 01:38:37+00,,,,,,,,,,,,,,,,,,,,,
-79.852966,43.258953,"0","0","326",85.6,2025/10/26 01:38:38+00,,,,,,,,,,,,,,,,,,,,,
-79.852955,43.25895,"0","0","327",85.6,2025/10/26 01:38:39+00,,,,,,,,,,,,,,,,,,,,,
-79.852942,43.258949,"0","0","328",85.5,2025/10/26 01:38:40+00,,,,,,,,,,,,,,,,,,,,,
-79.85293,43.258948,"0","0","329",85.5,2025/10/26 01:38:41+00,,,,,,,,,,,,,,,,,,,,,
-79.852916,43.258947,"0","0","330",85.5,2025/10/26 01:38:42+00,,,,,,,,,,,,,,,,,,,,,
-79.852904,43.258943,"0","0","331",85.4,2025/10/26 01:38:43+00,,,,,,,,,,,,,,,,,,,,,
-79.852896,43.258939,"0","0","332",85.4,2025/10/26 01:38:44+00,,,,,,,,,,,,,,,,,,,,,
-79.852892,43.258934,"0","0","333",85.4,2025/10/26 01:38:45+00,,,,,,,,,,,,,,,,,,,,,
-79.85289,43.258931,"0","0","334",85.4,2025/10/26 01:38:46+00,,,,,,,,,,,,,,,,,,,,,
-79.85289,43.258931,"0","0","335",85.4,2025/10/26 01:38:47+00,,,,,,,,,,,,,,,,,,,,,
-79.85289,43.258931,"0","0","336",85.4,2025/10/26 01:38:48+00,,,,,,,,,,,,,,,,,,,,,
-79.85289,43.258931,"0","0","337",85.4,2025/10/26 01:38:49+00,,,,,,,,,,,,,,,,,,,,,
-79.85289,43.258931,"0","0","338",85.4,2025/10/26 01:38:50+00,,,,,,,,,,,,,,,,,,,,,
-79.85289,43.258931,"0","0","339",85.4,2025/10/26 01:38:51+00,,,,,,,,,,,,,,,,,,,,,
-79.85289,43.258931,"0","0","340",85.4,2025/10/26 01:38:52+00,,,,,,,,,,,,,,,,,,,,,
-79.85289,43.258931,"0","0","341",85.4,2025/10/26 01:38:53+00,,,,,,,,,,,,,,,,,,,,,
-79.85289,43.258931,"0","0","342",85.4,2025/10/26 01:38:54+00,,,,,,,,,,,,,,,,,,,,,
-79.85289,43.258931,"0","0","343",85.4,2025/10/26 01:38:55+00,,,,,,,,,,,,,,,,,,,,,
-79.85289,43.258931,"0","0","344",85.4,2025/10/26 01:38:56+00,,,,,,,,,,,,,,,,,,,,,
-79.85289,43.258931,"0","0","345",85.4,2025/10/26 01:38:57+00,,,,,,,,,,,,,,,,,,,,,
-79.852885,43.258917,"0","0","346",85.3,2025/10/26 01:38:58+00,,,,,,,,,,,,,,,,,,,,,
-79.852878,43.258912,"0","0","347",85.3,2025/10/26 01:38:59+00,,,,,,,,,,,,,,,,,,,,,
-79.852868,43.258907,"0","0","348",85.3,2025/10/26 01:39:00+00,,,,,,,,,,,,,,,,,,,,,
-79.852852,43.258901,"0","0","349",85.2,2025/10/26 01:39:01+00,,,,,,,,,,,,,,,,,,,,,
-79.852836,43.258899,"0","0","350",85.2,2025/10/26 01:39:02+00,,,,,,,,,,,,,,,,,,,,,
-79.852822,43.258897,"0","0","351",85.1,2025/10/26 01:39:03+00,,,,,,,,,,,,,,,,,,,,,
-79.852806,43.258896,"0","0","352",85.1,2025/10/26 01:39:04+00,,,,,,,,,,,,,,,,,,,,,
-79.852788,43.258893,"0","0","353",85.1,2025/10/26 01:39:05+00,,,,,,,,,,,,,,,,,,,,,
-79.852773,43.258891,"0","0","354",85.1,2025/10/26 01:39:06+00,,,,,,,,,,,,,,,,,,,,,
-79.85276,43.258888,"0","0","355",85.1,2025/10/26 01:39:07+00,,,,,,,,,,,,,,,,,,,,,
-79.852749,43.258886,"0","0","356",85.1,2025/10/26 01:39:08+00,,,,,,,,,,,,,,,,,,,,,
-79.852741,43.258884,"0","0","357",85.1,2025/10/26 01:39:09+00,,,,,,,,,,,,,,,,,,,,,
-79.85273,43.258883,"0","0","358",85.1,2025/10/26 01:39:10+00,,,,,,,,,,,,,,,,,,,,,
-79.852719,43.258881,"0","0","359",85.1,2025/10/26 01:39:11+00,,,,,,,,,,,,,,,,,,,,,
-79.852705,43.25888,"0","0","360",85.1,2025/10/26 01:39:12+00,,,,,,,,,,,,,,,,,,,,,
-79.85269,43.258878,"0","0","361",85.1,2025/10/26 01:39:13+00,,,,,,,,,,,,,,,,,,,,,
-79.852676,43.258876,"0","0","362",85.1,2025/10/26 01:39:14+00,,,,,,,,,,,,,,,,,,,,,
-79.852663,43.258876,"0","0","363",85.1,2025/10/26 01:39:15+00,,,,,,,,,,,,,,,,,,,,,
-79.852652,43.258874,"0","0","364",85.1,2025/10/26 01:39:16+00,,,,,,,,,,,,,,,,,,,,,
-79.852644,43.258872,"0","0","365",85.1,2025/10/26 01:39:17+00,,,,,,,,,,,,,,,,,,,,,
-79.852638,43.258868,"0","0","366",85.1,2025/10/26 01:39:18+00,,,,,,,,,,,,,,,,,,,,,
-79.852636,43.258862,"0","0","367",85.1,2025/10/26 01:39:19+00,,,,,,,,,,,,,,,,,,,,,
-79.852636,43.258862,"0","0","368",85.1,2025/10/26 01:39:20+00,,,,,,,,,,,,,,,,,,,,,
-79.852638,43.258859,"0","0","369",85.1,2025/10/26 01:39:21+00,,,,,,,,,,,,,,,,,,,,,
-79.852642,43.25886,"0","0","370",85.1,2025/10/26 01:39:22+00,,,,,,,,,,,,,,,,,,,,,
-79.852642,43.25886,"0","0","371",85.1,2025/10/26 01:39:23+00,,,,,,,,,,,,,,,,,,,,,
-79.852646,43.258865,"0","0","372",85.2,2025/10/26 01:39:24+00,,,,,,,,,,,,,,,,,,,,,
-79.852645,43.258868,"0","0","373",85.2,2025/10/26 01:39:25+00,,,,,,,,,,,,,,,,,,,,,
-79.852646,43.25887,"0","0","374",85.2,2025/10/26 01:39:26+00,,,,,,,,,,,,,,,,,,,,,
-79.852646,43.25887,"0","0","375",85.2,2025/10/26 01:39:27+00,,,,,,,,,,,,,,,,,,,,,
-79.852649,43.258871,"0","0","376",85.2,2025/10/26 01:39:28+00,,,,,,,,,,,,,,,,,,,,,
-79.852644,43.258869,"0","0","377",85.2,2025/10/26 01:39:29+00,,,,,,,,,,,,,,,,,,,,,
-79.852633,43.258867,"0","0","378",85.2,2025/10/26 01:39:30+00,,,,,,,,,,,,,,,,,,,,,
-79.852626,43.258864,"0","0","379",85.2,2025/10/26 01:39:31+00,,,,,,,,,,,,,,,,,,,,,
-79.852621,43.258862,"0","0","380",85.2,2025/10/26 01:39:32+00,,,,,,,,,,,,,,,,,,,,,
-79.852614,43.258861,"0","0","381",85.2,2025/10/26 01:39:33+00,,,,,,,,,,,,,,,,,,,,,
-79.852607,43.25886,"0","0","382",85.2,2025/10/26 01:39:34+00,,,,,,,,,,,,,,,,,,,,,
-79.852601,43.258858,"0","0","383",85.2,2025/10/26 01:39:35+00,,,,,,,,,,,,,,,,,,,,,
-79.852596,43.258855,"0","0","384",85.2,2025/10/26 01:39:36+00,,,,,,,,,,,,,,,,,,,,,
-79.852596,43.258855,"0","0","385",85.2,2025/10/26 01:39:37+00,,,,,,,,,,,,,,,,,,,,,
-79.852596,43.258855,"0","0","386",85.2,2025/10/26 01:39:38+00,,,,,,,,,,,,,,,,,,,,,
-79.852596,43.258855,"0","0","387",85.2,2025/10/26 01:39:39+00,,,,,,,,,,,,,,,,,,,,,
-79.852596,43.258855,"0","0","388",85.2,2025/10/26 01:39:40+00,,,,,,,,,,,,,,,,,,,,,
-79.852596,43.258855,"0","0","389",85.2,2025/10/26 01:39:41+00,,,,,,,,,,,,,,,,,,,,,
-79.852583,43.258842,"0","0","390",85.2,2025/10/26 01:39:42+00,,,,,,,,,,,,,,,,,,,,,
-79.852579,43.258841,"0","0","391",85.2,2025/10/26 01:39:43+00,,,,,,,,,,,,,,,,,,,,,
-79.852579,43.258841,"0","0","392",85.2,2025/10/26 01:39:44+00,,,,,,,,,,,,,,,,,,,,,
-79.852579,43.258841,"0","0","393",85.2,2025/10/26 01:39:45+00,,,,,,,,,,,,,,,,,,,,,
-79.852579,43.258841,"0","0","394",85.2,2025/10/26 01:39:46+00,,,,,,,,,,,,,,,,,,,,,
-79.852579,43.258841,"0","0","395",85.2,2025/10/26 01:39:47+00,,,,,,,,,,,,,,,,,,,,,
-79.852577,43.25883,"0","0","396",85.2,2025/10/26 01:39:48+00,,,,,,,,,,,,,,,,,,,,,
-79.852577,43.25883,"0","0","397",85.2,2025/10/26 01:39:49+00,,,,,,,,,,,,,,,,,,,,,
-79.852577,43.25883,"0","0","398",85.2,2025/10/26 01:39:50+00,,,,,,,,,,,,,,,,,,,,,
-79.852577,43.25883,"0","0","399",85.2,2025/10/26 01:39:51+00,,,,,,,,,,,,,,,,,,,,,
-79.852577,43.25883,"0","0","400",85.2,2025/10/26 01:39:52+00,,,,,,,,,,,,,,,,,,,,,
-79.852584,43.25882,"0","0","401",85.2,2025/10/26 01:39:53+00,,,,,,,,,,,,,,,,,,,,,
-79.852586,43.258818,"0","0","402",85.2,2025/10/26 01:39:54+00,,,,,,,,,,,,,,,,,,,,,
-79.852587,43.258815,"0","0","403",85.2,2025/10/26 01:39:55+00,,,,,,,,,,,,,,,,,,,,,
-79.852589,43.258813,"0","0","404",85.2,2025/10/26 01:39:56+00,,,,,,,,,,,,,,,,,,,,,
-79.852592,43.258809,"0","0","405",85.2,2025/10/26 01:39:57+00,,,,,,,,,,,,,,,,,,,,,
-79.852592,43.258804,"0","0","406",85.2,2025/10/26 01:39:58+00,,,,,,,,,,,,,,,,,,,,,
-79.852592,43.258803,"0","0","407",85.2,2025/10/26 01:39:59+00,,,,,,,,,,,,,,,,,,,,,
-79.852593,43.258805,"0","0","408",85.2,2025/10/26 01:40:00+00,,,,,,,,,,,,,,,,,,,,,
-79.852595,43.258802,"0","0","409",85.2,2025/10/26 01:40:01+00,,,,,,,,,,,,,,,,,,,,,
-79.852594,43.258802,"0","0","410",85.2,2025/10/26 01:40:02+00,,,,,,,,,,,,,,,,,,,,,
-79.852595,43.258805,"0","0","411",85.2,2025/10/26 01:40:03+00,,,,,,,,,,,,,,,,,,,,,
-79.852589,43.258809,"0","0","412",85.3,2025/10/26 01:40:04+00,,,,,,,,,,,,,,,,,,,,,
-79.852578,43.258809,"0","0","413",85.3,2025/10/26 01:40:05+00,,,,,,,,,,,,,,,,,,,,,
-79.852566,43.258808,"0","0","414",85.3,2025/10/26 01:40:06+00,,,,,,,,,,,,,,,,,,,,,
-79.852559,43.258807,"0","0","415",85.3,2025/10/26 01:40:07+00,,,,,,,,,,,,,,,,,,,,,
-79.852547,43.258806,"0","0","416",85.3,2025/10/26 01:40:08+00,,,,,,,,,,,,,,,,,,,,,
-79.852528,43.258804,"0","0","417",85.3,2025/10/26 01:40:09+00,,,,,,,,,,,,,,,,,,,,,
-79.852515,43.258802,"0","0","418",85.3,2025/10/26 01:40:10+00,,,,,,,,,,,,,,,,,,,,,
-79.852499,43.258801,"0","0","419",85.3,2025/10/26 01:40:11+00,,,,,,,,,,,,,,,,,,,,,
-79.852481,43.258799,"0","0","420",85.3,2025/10/26 01:40:12+00,,,,,,,,,,,,,,,,,,,,,
-79.85246,43.258796,"0","0","421",85.3,2025/10/26 01:40:13+00,,,,,,,,,,,,,,,,,,,,,
-79.852437,43.258793,"0","0","422",85.3,2025/10/26 01:40:14+00,,,,,,,,,,,,,,,,,,,,,
-79.852418,43.25879,"0","0","423",85.3,2025/10/26 01:40:15+00,,,,,,,,,,,,,,,,,,,,,
-79.852399,43.258788,"0","0","424",85.3,2025/10/26 01:40:16+00,,,,,,,,,,,,,,,,,,,,,
-79.852386,43.258785,"0","0","425",85.3,2025/10/26 01:40:17+00,,,,,,,,,,,,,,,,,,,,,
-79.852386,43.258785,"0","0","426",85.3,2025/10/26 01:40:18+00,,,,,,,,,,,,,,,,,,,,,
-79.852386,43.258785,"0","0","427",85.3,2025/10/26 01:40:19+00,,,,,,,,,,,,,,,,,,,,,
-79.852386,43.258785,"0","0","428",85.3,2025/10/26 01:40:20+00,,,,,,,,,,,,,,,,,,,,,
-79.852386,43.258785,"0","0","429",85.3,2025/10/26 01:40:21+00,,,,,,,,,,,,,,,,,,,,,
-79.852371,43.258781,"0","0","430",85.3,2025/10/26 01:40:22+00,,,,,,,,,,,,,,,,,,,,,
-79.85151,43.258715,"0","0","431",85.2,2025/10/26 01:42:00+00,,,,,,,,,,,,,,,,,,,,,
-79.85151,43.25873,"0","0","432",85.1,2025/10/26 01:42:02+00,,,,,,,,,,,,,,,,,,,,,
-79.85151,43.258746,"0","0","433",85.1,2025/10/26 01:42:03+00,,,,,,,,,,,,,,,,,,,,,
-79.851515,43.258774,"0","0","434",85.1,2025/10/26 01:42:04+00,,,,,,,,,,,,,,,,,,,,,
-79.851517,43.258783,"0","0","435",85,2025/10/26 01:42:05+00,,,,,,,,,,,,,,,,,,,,,
-79.85152,43.2588,"0","0","436",85,2025/10/26 01:42:06+00,,,,,,,,,,,,,,,,,,,,,
-79.851524,43.258814,"0","0","437",85,2025/10/26 01:42:07+00,,,,,,,,,,,,,,,,,,,,,
-79.851525,43.258825,"0","0","438",85,2025/10/26 01:42:08+00,,,,,,,,,,,,,,,,,,,,,
-79.851529,43.258834,"0","0","439",85,2025/10/26 01:42:09+00,,,,,,,,,,,,,,,,,,,,,
-79.851532,43.258839,"0","0","440",84.9,2025/10/26 01:42:10+00,,,,,,,,,,,,,,,,,,,,,
-79.851534,43.258845,"0","0","441",84.9,2025/10/26 01:42:11+00,,,,,,,,,,,,,,,,,,,,,
-79.851534,43.258845,"0","0","442",84.9,2025/10/26 01:42:12+00,,,,,,,,,,,,,,,,,,,,,
-79.851534,43.258845,"0","0","443",84.9,2025/10/26 01:42:13+00,,,,,,,,,,,,,,,,,,,,,
-79.851535,43.258848,"0","0","444",84.9,2025/10/26 01:42:14+00,,,,,,,,,,,,,,,,,,,,,
-79.851164,43.260486,"0","0","445",84.9,2025/10/26 01:46:53+00,,,,,,,,,,,,,,,,,,,,,
-79.851167,43.260519,"0","0","446",85,2025/10/26 01:46:54+00,,,,,,,,,,,,,,,,,,,,,
-79.851171,43.260525,"0","0","447",85,2025/10/26 01:46:55+00,,,,,,,,,,,,,,,,,,,,,
-79.851171,43.260539,"0","0","448",85,2025/10/26 01:46:56+00,,,,,,,,,,,,,,,,,,,,,
-79.851177,43.260547,"0","0","449",85,2025/10/26 01:46:57+00,,,,,,,,,,,,,,,,,,,,,
-79.851187,43.260554,"0","0","450",85,2025/10/26 01:46:58+00,,,,,,,,,,,,,,,,,,,,,
-79.8512,43.260558,"0","0","451",85,2025/10/26 01:46:59+00,,,,,,,,,,,,,,,,,,,,,
-79.851212,43.260562,"0","0","452",85,2025/10/26 01:47:00+00,,,,,,,,,,,,,,,,,,,,,
-79.851226,43.260564,"0","0","453",85,2025/10/26 01:47:01+00,,,,,,,,,,,,,,,,,,,,,
-79.85124,43.260565,"0","0","454",85,2025/10/26 01:47:02+00,,,,,,,,,,,,,,,,,,,,,
-79.851256,43.260565,"0","0","455",85,2025/10/26 01:47:03+00,,,,,,,,,,,,,,,,,,,,,
-79.85127,43.260563,"0","0","456",85,2025/10/26 01:47:04+00,,,,,,,,,,,,,,,,,,,,,
-79.851285,43.260561,"0","0","457",85,2025/10/26 01:47:05+00,,,,,,,,,,,,,,,,,,,,,
-79.851299,43.260561,"0","0","458",85,2025/10/26 01:47:06+00,,,,,,,,,,,,,,,,,,,,,
-79.851316,43.260561,"0","0","459",85,2025/10/26 01:47:07+00,,,,,,,,,,,,,,,,,,,,,
-79.85133,43.260563,"0","0","460",85,2025/10/26 01:47:08+00,,,,,,,,,,,,,,,,,,,,,
-79.851345,43.260565,"0","0","461",85.1,2025/10/26 01:47:09+00,,,,,,,,,,,,,,,,,,,,,
-79.851359,43.260567,"0","0","462",85.1,2025/10/26 01:47:10+00,,,,,,,,,,,,,,,,,,,,,
-79.851373,43.260569,"0","0","463",85.1,2025/10/26 01:47:11+00,,,,,,,,,,,,,,,,,,,,,
-79.851384,43.260572,"0","0","464",85.1,2025/10/26 01:47:12+00,,,,,,,,,,,,,,,,,,,,,
-79.851396,43.260576,"0","0","465",85.1,2025/10/26 01:47:13+00,,,,,,,,,,,,,,,,,,,,,
-79.85141,43.260582,"0","0","466",85.1,2025/10/26 01:47:14+00,,,,,,,,,,,,,,,,,,,,,
-79.851423,43.260585,"0","0","467",85.1,2025/10/26 01:47:15+00,,,,,,,,,,,,,,,,,,,,,
-79.851435,43.260589,"0","0","468",85.1,2025/10/26 01:47:16+00,,,,,,,,,,,,,,,,,,,,,
-79.851447,43.260592,"0","0","469",85.1,2025/10/26 01:47:17+00,,,,,,,,,,,,,,,,,,,,,
-79.851459,43.260593,"0","0","470",85.1,2025/10/26 01:47:18+00,,,,,,,,,,,,,,,,,,,,,
-79.851472,43.260595,"0","0","471",85.1,2025/10/26 01:47:19+00,,,,,,,,,,,,,,,,,,,,,
-79.851486,43.260596,"0","0","472",85.1,2025/10/26 01:47:20+00,,,,,,,,,,,,,,,,,,,,,
-79.851498,43.260598,"0","0","473",85.1,2025/10/26 01:47:21+00,,,,,,,,,,,,,,,,,,,,,
-79.851509,43.2606,"0","0","474",85.1,2025/10/26 01:47:22+00,,,,,,,,,,,,,,,,,,,,,
-79.851517,43.260601,"0","0","475",85.1,2025/10/26 01:47:23+00,,,,,,,,,,,,,,,,,,,,,
-79.851521,43.260602,"0","0","476",85.1,2025/10/26 01:47:24+00,,,,,,,,,,,,,,,,,,,,,
-79.851524,43.260602,"0","0","477",85.1,2025/10/26 01:47:25+00,,,,,,,,,,,,,,,,,,,,,
-79.851526,43.260603,"0","0","478",85.1,2025/10/26 01:47:26+00,,,,,,,,,,,,,,,,,,,,,
-79.851534,43.260604,"0","0","479",85.1,2025/10/26 01:47:27+00,,,,,,,,,,,,,,,,,,,,,
-79.851548,43.260605,"0","0","480",85.1,2025/10/26 01:47:28+00,,,,,,,,,,,,,,,,,,,,,
-79.851578,43.260611,"0","0","481",85.2,2025/10/26 01:47:29+00,,,,,,,,,,,,,,,,,,,,,
-79.851593,43.260616,"0","0","482",85.2,2025/10/26 01:47:30+00,,,,,,,,,,,,,,,,,,,,,
-79.851614,43.260623,"0","0","483",85.2,2025/10/26 01:47:31+00,,,,,,,,,,,,,,,,,,,,,
-79.851622,43.260626,"0","0","484",85.2,2025/10/26 01:47:32+00,,,,,,,,,,,,,,,,,,,,,
-79.851629,43.260628,"0","0","485",85.2,2025/10/26 01:47:33+00,,,,,,,,,,,,,,,,,,,,,
-79.851637,43.260631,"0","0","486",85.2,2025/10/26 01:47:34+00,,,,,,,,,,,,,,,,,,,,,
-79.851644,43.260633,"0","0","487",85.2,2025/10/26 01:47:35+00,,,,,,,,,,,,,,,,,,,,,
-79.851648,43.260634,"0","0","488",85.2,2025/10/26 01:47:36+00,,,,,,,,,,,,,,,,,,,,,
-79.851654,43.260638,"0","0","489",85.2,2025/10/26 01:47:37+00,,,,,,,,,,,,,,,,,,,,,
-79.851661,43.260644,"0","0","490",85.2,2025/10/26 01:47:38+00,,,,,,,,,,,,,,,,,,,,,
-79.85167,43.26065,"0","0","491",85.2,2025/10/26 01:47:39+00,,,,,,,,,,,,,,,,,,,,,
-79.851679,43.260656,"0","0","492",85.2,2025/10/26 01:47:40+00,,,,,,,,,,,,,,,,,,,,,
-79.851689,43.260663,"0","0","493",85.2,2025/10/26 01:47:41+00,,,,,,,,,,,,,,,,,,,,,
-79.851697,43.26067,"0","0","494",85.2,2025/10/26 01:47:42+00,,,,,,,,,,,,,,,,,,,,,
-79.851701,43.260676,"0","0","495",85.2,2025/10/26 01:47:43+00,,,,,,,,,,,,,,,,,,,,,
-79.851705,43.260682,"0","0","496",85.2,2025/10/26 01:47:44+00,,,,,,,,,,,,,,,,,,,,,
-79.851712,43.260688,"0","0","497",85.2,2025/10/26 01:47:45+00,,,,,,,,,,,,,,,,,,,,,
-79.851722,43.260693,"0","0","498",85.2,2025/10/26 01:47:46+00,,,,,,,,,,,,,,,,,,,,,
-79.851735,43.260696,"0","0","499",85.2,2025/10/26 01:47:47+00,,,,,,,,,,,,,,,,,,,,,
-79.851749,43.260698,"0","0","500",85.2,2025/10/26 01:47:48+00,,,,,,,,,,,,,,,,,,,,,
-79.851763,43.260701,"0","0","501",85.2,2025/10/26 01:47:49+00,,,,,,,,,,,,,,,,,,,,,
-79.851778,43.260702,"0","0","502",85.2,2025/10/26 01:47:50+00,,,,,,,,,,,,,,,,,,,,,
-79.851793,43.260703,"0","0","503",85.2,2025/10/26 01:47:51+00,,,,,,,,,,,,,,,,,,,,,
-79.851808,43.260705,"0","0","504",85.2,2025/10/26 01:47:52+00,,,,,,,,,,,,,,,,,,,,,
-79.851821,43.260707,"0","0","505",85.2,2025/10/26 01:47:53+00,,,,,,,,,,,,,,,,,,,,,
-79.851834,43.26071,"0","0","506",85.2,2025/10/26 01:47:54+00,,,,,,,,,,,,,,,,,,,,,
-79.851844,43.260713,"0","0","507",85.2,2025/10/26 01:47:55+00,,,,,,,,,,,,,,,,,,,,,
-79.851849,43.260715,"0","0","508",85.2,2025/10/26 01:47:56+00,,,,,,,,,,,,,,,,,,,,,
-79.851859,43.260716,"0","0","509",85.2,2025/10/26 01:47:57+00,,,,,,,,,,,,,,,,,,,,,
-79.85187,43.260717,"0","0","510",85.2,2025/10/26 01:47:58+00,,,,,,,,,,,,,,,,,,,,,
-79.851884,43.260718,"0","0","511",85.2,2025/10/26 01:47:59+00,,,,,,,,,,,,,,,,,,,,,
-79.851897,43.26072,"0","0","512",85.2,2025/10/26 01:48:00+00,,,,,,,,,,,,,,,,,,,,,
-79.851907,43.260723,"0","0","513",85.2,2025/10/26 01:48:01+00,,,,,,,,,,,,,,,,,,,,,
-79.851917,43.260726,"0","0","514",85.3,2025/10/26 01:48:02+00,,,,,,,,,,,,,,,,,,,,,
-79.851928,43.260727,"0","0","515",85.3,2025/10/26 01:48:03+00,,,,,,,,,,,,,,,,,,,,,
-79.851939,43.260727,"0","0","516",85.3,2025/10/26 01:48:04+00,,,,,,,,,,,,,,,,,,,,,
-79.851953,43.260728,"0","0","517",85.3,2025/10/26 01:48:05+00,,,,,,,,,,,,,,,,,,,,,
-79.851966,43.260729,"0","0","518",85.3,2025/10/26 01:48:06+00,,,,,,,,,,,,,,,,,,,,,
-79.851966,43.260729,"0","0","519",85.3,2025/10/26 01:48:07+00,,,,,,,,,,,,,,,,,,,,,
-79.851966,43.260729,"0","0","520",85.3,2025/10/26 01:48:08+00,,,,,,,,,,,,,,,,,,,,,
-79.851966,43.260729,"0","0","521",85.3,2025/10/26 01:48:09+00,,,,,,,,,,,,,,,,,,,,,
-79.851975,43.260736,"0","0","522",85.3,2025/10/26 01:48:10+00,,,,,,,,,,,,,,,,,,,,,
-79.851971,43.260737,"0","0","523",85.3,2025/10/26 01:48:11+00,,,,,,,,,,,,,,,,,,,,,
-79.851967,43.260737,"0","0","524",85.3,2025/10/26 01:48:12+00,,,,,,,,,,,,,,,,,,,,,
-79.851966,43.260736,"0","0","525",85.3,2025/10/26 01:48:13+00,,,,,,,,,,,,,,,,,,,,,
-79.851966,43.260736,"0","0","526",85.3,2025/10/26 01:48:14+00,,,,,,,,,,,,,,,,,,,,,
-79.851972,43.260732,"0","0","527",85.3,2025/10/26 01:48:15+00,,,,,,,,,,,,,,,,,,,,,
-79.851972,43.260732,"0","0","528",85.3,2025/10/26 01:48:16+00,,,,,,,,,,,,,,,,,,,,,
-79.851972,43.260732,"0","0","529",85.3,2025/10/26 01:48:17+00,,,,,,,,,,,,,,,,,,,,,
-79.851972,43.260732,"0","0","530",85.3,2025/10/26 01:48:18+00,,,,,,,,,,,,,,,,,,,,,
-79.851972,43.260732,"0","0","531",85.3,2025/10/26 01:48:19+00,,,,,,,,,,,,,,,,,,,,,
-79.851972,43.260732,"0","0","532",85.3,2025/10/26 01:48:20+00,,,,,,,,,,,,,,,,,,,,,
-79.851972,43.260732,"0","0","533",85.3,2025/10/26 01:48:21+00,,,,,,,,,,,,,,,,,,,,,
-79.851972,43.260732,"0","0","534",85.3,2025/10/26 01:48:22+00,,,,,,,,,,,,,,,,,,,,,
-79.851972,43.260732,"0","0","535",85.3,2025/10/26 01:48:23+00,,,,,,,,,,,,,,,,,,,,,
-79.851991,43.260731,"0","0","536",85.3,2025/10/26 01:48:24+00,,,,,,,,,,,,,,,,,,,,,
-79.851999,43.260733,"0","0","537",85.3,2025/10/26 01:48:25+00,,,,,,,,,,,,,,,,,,,,,
-79.852003,43.260733,"0","0","538",85.3,2025/10/26 01:48:26+00,,,,,,,,,,,,,,,,,,,,,
-79.852004,43.26073,"0","0","539",85.3,2025/10/26 01:48:27+00,,,,,,,,,,,,,,,,,,,,,
-79.852003,43.260726,"0","0","540",85.3,2025/10/26 01:48:28+00,,,,,,,,,,,,,,,,,,,,,
-79.852003,43.260726,"0","0","541",85.3,2025/10/26 01:48:29+00,,,,,,,,,,,,,,,,,,,,,
-79.851995,43.260722,"0","0","542",85.3,2025/10/26 01:48:30+00,,,,,,,,,,,,,,,,,,,,,
-79.85199,43.26072,"0","0","543",85.3,2025/10/26 01:48:31+00,,,,,,,,,,,,,,,,,,,,,
-79.851984,43.26072,"0","0","544",85.3,2025/10/26 01:48:32+00,,,,,,,,,,,,,,,,,,,,,
-79.85198,43.260722,"0","0","545",85.3,2025/10/26 01:48:33+00,,,,,,,,,,,,,,,,,,,,,
-79.85198,43.260722,"0","0","546",85.3,2025/10/26 01:48:34+00,,,,,,,,,,,,,,,,,,,,,
-79.85198,43.260722,"0","0","547",85.3,2025/10/26 01:48:35+00,,,,,,,,,,,,,,,,,,,,,
-79.85198,43.260722,"0","0","548",85.3,2025/10/26 01:48:36+00,,,,,,,,,,,,,,,,,,,,,
-79.85198,43.260722,"0","0","549",85.3,2025/10/26 01:48:37+00,,,,,,,,,,,,,,,,,,,,,
-79.85198,43.260722,"0","0","550",85.3,2025/10/26 01:48:38+00,,,,,,,,,,,,,,,,,,,,,
-79.85198,43.260722,"0","0","551",85.3,2025/10/26 01:48:39+00,,,,,,,,,,,,,,,,,,,,,
-79.85198,43.260722,"0","0","552",85.3,2025/10/26 01:48:40+00,,,,,,,,,,,,,,,,,,,,,
-79.852014,43.260725,"0","0","553",85.3,2025/10/26 01:48:41+00,,,,,,,,,,,,,,,,,,,,,
-79.852014,43.260725,"0","0","554",85.3,2025/10/26 01:48:42+00,,,,,,,,,,,,,,,,,,,,,
-79.852014,43.260725,"0","0","555",85.3,2025/10/26 01:48:43+00,,,,,,,,,,,,,,,,,,,,,
-79.852012,43.260725,"0","0","556",85.3,2025/10/26 01:48:44+00,,,,,,,,,,,,,,,,,,,,,
-79.852014,43.260727,"0","0","557",85.3,2025/10/26 01:48:45+00,,,,,,,,,,,,,,,,,,,,,
-79.852022,43.260731,"0","0","558",85.3,2025/10/26 01:48:46+00,,,,,,,,,,,,,,,,,,,,,
-79.852035,43.260736,"0","0","559",85.3,2025/10/26 01:48:47+00,,,,,,,,,,,,,,,,,,,,,
-79.852045,43.260741,"0","0","560",85.3,2025/10/26 01:48:48+00,,,,,,,,,,,,,,,,,,,,,
-79.852058,43.260745,"0","0","561",85.3,2025/10/26 01:48:49+00,,,,,,,,,,,,,,,,,,,,,
-79.852073,43.260749,"0","0","562",85.3,2025/10/26 01:48:50+00,,,,,,,,,,,,,,,,,,,,,
-79.852088,43.260752,"0","0","563",85.3,2025/10/26 01:48:51+00,,,,,,,,,,,,,,,,,,,,,
-79.852103,43.260756,"0","0","564",85.4,2025/10/26 01:48:52+00,,,,,,,,,,,,,,,,,,,,,
-79.852117,43.26076,"0","0","565",85.4,2025/10/26 01:48:53+00,,,,,,,,,,,,,,,,,,,,,
-79.852129,43.260765,"0","0","566",85.4,2025/10/26 01:48:54+00,,,,,,,,,,,,,,,,,,,,,
-79.852141,43.260769,"0","0","567",85.4,2025/10/26 01:48:55+00,,,,,,,,,,,,,,,,,,,,,
-79.85215,43.260772,"0","0","568",85.4,2025/10/26 01:48:56+00,,,,,,,,,,,,,,,,,,,,,
-79.852158,43.260775,"0","0","569",85.4,2025/10/26 01:48:57+00,,,,,,,,,,,,,,,,,,,,,
-79.852161,43.260777,"0","0","570",85.4,2025/10/26 01:48:58+00,,,,,,,,,,,,,,,,,,,,,
-79.852162,43.260777,"0","0","571",85.4,2025/10/26 01:48:59+00,,,,,,,,,,,,,,,,,,,,,
-79.852164,43.260776,"0","0","572",85.4,2025/10/26 01:49:00+00,,,,,,,,,,,,,,,,,,,,,
-79.852172,43.260773,"0","0","573",85.4,2025/10/26 01:49:01+00,,,,,,,,,,,,,,,,,,,,,
-79.852177,43.260775,"0","0","574",85.4,2025/10/26 01:49:02+00,,,,,,,,,,,,,,,,,,,,,
-79.852183,43.260779,"0","0","575",85.4,2025/10/26 01:49:03+00,,,,,,,,,,,,,,,,,,,,,
-79.852191,43.260781,"0","0","576",85.4,2025/10/26 01:49:04+00,,,,,,,,,,,,,,,,,,,,,
-79.852198,43.260785,"0","0","577",85.4,2025/10/26 01:49:05+00,,,,,,,,,,,,,,,,,,,,,
-79.852206,43.26079,"0","0","578",85.4,2025/10/26 01:49:06+00,,,,,,,,,,,,,,,,,,,,,
-79.852215,43.260796,"0","0","579",85.4,2025/10/26 01:49:07+00,,,,,,,,,,,,,,,,,,,,,
-79.852226,43.2608,"0","0","580",85.4,2025/10/26 01:49:08+00,,,,,,,,,,,,,,,,,,,,,
-79.852238,43.260803,"0","0","581",85.4,2025/10/26 01:49:09+00,,,,,,,,,,,,,,,,,,,,,
-79.852249,43.260806,"0","0","582",85.4,2025/10/26 01:49:10+00,,,,,,,,,,,,,,,,,,,,,
-79.852257,43.260809,"0","0","583",85.4,2025/10/26 01:49:11+00,,,,,,,,,,,,,,,,,,,,,
-79.852264,43.260817,"0","0","584",85.4,2025/10/26 01:49:12+00,,,,,,,,,,,,,,,,,,,,,
-79.85227,43.260824,"0","0","585",85.4,2025/10/26 01:49:13+00,,,,,,,,,,,,,,,,,,,,,
-79.852276,43.26083,"0","0","586",85.4,2025/10/26 01:49:14+00,,,,,,,,,,,,,,,,,,,,,
-79.852285,43.260832,"0","0","587",85.4,2025/10/26 01:49:15+00,,,,,,,,,,,,,,,,,,,,,
-79.852291,43.260833,"0","0","588",85.4,2025/10/26 01:49:16+00,,,,,,,,,,,,,,,,,,,,,
-79.8523,43.260836,"0","0","589",85.4,2025/10/26 01:49:17+00,,,,,,,,,,,,,,,,,,,,,
-79.852309,43.260839,"0","0","590",85.4,2025/10/26 01:49:18+00,,,,,,,,,,,,,,,,,,,,,
-79.852319,43.260841,"0","0","591",85.5,2025/10/26 01:49:19+00,,,,,,,,,,,,,,,,,,,,,
-79.852329,43.260844,"0","0","592",85.5,2025/10/26 01:49:20+00,,,,,,,,,,,,,,,,,,,,,
-79.852343,43.260845,"0","0","593",85.5,2025/10/26 01:49:21+00,,,,,,,,,,,,,,,,,,,,,
-79.852358,43.260846,"0","0","594",85.5,2025/10/26 01:49:22+00,,,,,,,,,,,,,,,,,,,,,
-79.85237,43.260847,"0","0","595",85.5,2025/10/26 01:49:23+00,,,,,,,,,,,,,,,,,,,,,
-79.85238,43.260849,"0","0","596",85.5,2025/10/26 01:49:24+00,,,,,,,,,,,,,,,,,,,,,
-79.852388,43.260853,"0","0","597",85.5,2025/10/26 01:49:25+00,,,,,,,,,,,,,,,,,,,,,
-79.852401,43.260858,"0","0","598",85.5,2025/10/26 01:49:26+00,,,,,,,,,,,,,,,,,,,,,
-79.852413,43.260861,"0","0","599",85.5,2025/10/26 01:49:27+00,,,,,,,,,,,,,,,,,,,,,
-79.85242,43.260864,"0","0","600",85.5,2025/10/26 01:49:28+00,,,,,,,,,,,,,,,,,,,,,
-79.852426,43.260866,"0","0","601",85.5,2025/10/26 01:49:29+00,,,,,,,,,,,,,,,,,,,,,
-79.85243,43.260868,"0","0","602",85.5,2025/10/26 01:49:30+00,,,,,,,,,,,,,,,,,,,,,
-79.852434,43.260873,"0","0","603",85.5,2025/10/26 01:49:31+00,,,,,,,,,,,,,,,,,,,,,
-79.852453,43.260878,"0","0","604",85.5,2025/10/26 01:49:32+00,,,,,,,,,,,,,,,,,,,,,
-79.852463,43.26088,"0","0","605",85.5,2025/10/26 01:49:33+00,,,,,,,,,,,,,,,,,,,,,
-79.852473,43.260881,"0","0","606",85.5,2025/10/26 01:49:34+00,,,,,,,,,,,,,,,,,,,,,
-79.852483,43.260882,"0","0","607",85.5,2025/10/26 01:49:35+00,,,,,,,,,,,,,,,,,,,,,
-79.852494,43.260884,"0","0","608",85.5,2025/10/26 01:49:36+00,,,,,,,,,,,,,,,,,,,,,
-79.852503,43.260887,"0","0","609",85.5,2025/10/26 01:49:37+00,,,,,,,,,,,,,,,,,,,,,
-79.852509,43.260892,"0","0","610",85.5,2025/10/26 01:49:38+00,,,,,,,,,,,,,,,,,,,,,
-79.852515,43.2609,"0","0","611",85.5,2025/10/26 01:49:39+00,,,,,,,,,,,,,,,,,,,,,
-79.852526,43.260906,"0","0","612",85.5,2025/10/26 01:49:40+00,,,,,,,,,,,,,,,,,,,,,
-79.852537,43.260909,"0","0","613",85.5,2025/10/26 01:49:41+00,,,,,,,,,,,,,,,,,,,,,
-79.852548,43.260912,"0","0","614",85.6,2025/10/26 01:49:42+00,,,,,,,,,,,,,,,,,,,,,
-79.852558,43.260916,"0","0","615",85.6,2025/10/26 01:49:43+00,,,,,,,,,,,,,,,,,,,,,
-79.852564,43.26092,"0","0","616",85.6,2025/10/26 01:49:44+00,,,,,,,,,,,,,,,,,,,,,
-79.852564,43.26092,"0","0","617",85.6,2025/10/26 01:49:45+00,,,,,,,,,,,,,,,,,,,,,
-79.852564,43.26092,"0","0","618",85.6,2025/10/26 01:49:46+00,,,,,,,,,,,,,,,,,,,,,
-79.852564,43.26092,"0","0","619",85.6,2025/10/26 01:49:47+00,,,,,,,,,,,,,,,,,,,,,
-79.852564,43.26092,"0","0","620",85.6,2025/10/26 01:49:48+00,,,,,,,,,,,,,,,,,,,,,
-79.852564,43.26092,"0","0","621",85.6,2025/10/26 01:49:49+00,,,,,,,,,,,,,,,,,,,,,
-79.852564,43.26092,"0","0","622",85.6,2025/10/26 01:49:50+00,,,,,,,,,,,,,,,,,,,,,
-79.852564,43.26092,"0","0","623",85.6,2025/10/26 01:49:51+00,,,,,,,,,,,,,,,,,,,,,
-79.852564,43.26092,"0","0","624",85.6,2025/10/26 01:49:52+00,,,,,,,,,,,,,,,,,,,,,
-79.852591,43.260916,"0","0","625",85.6,2025/10/26 01:49:53+00,,,,,,,,,,,,,,,,,,,,,
-79.852601,43.260916,"0","0","626",85.6,2025/10/26 01:49:54+00,,,,,,,,,,,,,,,,,,,,,
-79.852609,43.260914,"0","0","627",85.6,2025/10/26 01:49:55+00,,,,,,,,,,,,,,,,,,,,,
-79.85262,43.260913,"0","0","628",85.6,2025/10/26 01:49:56+00,,,,,,,,,,,,,,,,,,,,,
-79.852631,43.260914,"0","0","629",85.6,2025/10/26 01:49:57+00,,,,,,,,,,,,,,,,,,,,,
-79.852637,43.260913,"0","0","630",85.6,2025/10/26 01:49:58+00,,,,,,,,,,,,,,,,,,,,,
-79.852636,43.260915,"0","0","631",85.6,2025/10/26 01:49:59+00,,,,,,,,,,,,,,,,,,,,,
-79.852633,43.260915,"0","0","632",85.6,2025/10/26 01:50:00+00,,,,,,,,,,,,,,,,,,,,,
-79.852631,43.260913,"0","0","633",85.6,2025/10/26 01:50:01+00,,,,,,,,,,,,,,,,,,,,,
-79.852631,43.260913,"0","0","634",85.6,2025/10/26 01:50:02+00,,,,,,,,,,,,,,,,,,,,,
-79.852637,43.26091,"0","0","635",85.6,2025/10/26 01:50:03+00,,,,,,,,,,,,,,,,,,,,,
-79.852644,43.260908,"0","0","636",85.6,2025/10/26 01:50:04+00,,,,,,,,,,,,,,,,,,,,,
-79.852652,43.260905,"0","0","637",85.6,2025/10/26 01:50:05+00,,,,,,,,,,,,,,,,,,,,,
-79.852664,43.260904,"0","0","638",85.6,2025/10/26 01:50:06+00,,,,,,,,,,,,,,,,,,,,,
-79.852676,43.260904,"0","0","639",85.6,2025/10/26 01:50:07+00,,,,,,,,,,,,,,,,,,,,,
-79.852688,43.260904,"0","0","640",85.6,2025/10/26 01:50:08+00,,,,,,,,,,,,,,,,,,,,,
-79.8527,43.260905,"0","0","641",85.6,2025/10/26 01:50:09+00,,,,,,,,,,,,,,,,,,,,,
-79.85271,43.260906,"0","0","642",85.6,2025/10/26 01:50:10+00,,,,,,,,,,,,,,,,,,,,,
-79.85271,43.260906,"0","0","643",85.6,2025/10/26 01:50:11+00,,,,,,,,,,,,,,,,,,,,,
-79.852717,43.260906,"0","0","644",85.7,2025/10/26 01:50:12+00,,,,,,,,,,,,,,,,,,,,,
-79.852721,43.260905,"0","0","645",85.7,2025/10/26 01:50:13+00,,,,,,,,,,,,,,,,,,,,,
-79.852723,43.260903,"0","0","646",85.7,2025/10/26 01:50:14+00,,,,,,,,,,,,,,,,,,,,,
-79.852723,43.260903,"0","0","647",85.7,2025/10/26 01:50:15+00,,,,,,,,,,,,,,,,,,,,,
-79.852723,43.260903,"0","0","648",85.7,2025/10/26 01:50:16+00,,,,,,,,,,,,,,,,,,,,,
-79.852724,43.260901,"0","0","649",85.7,2025/10/26 01:50:17+00,,,,,,,,,,,,,,,,,,,,,
-79.852724,43.260901,"0","0","650",85.7,2025/10/26 01:50:18+00,,,,,,,,,,,,,,,,,,,,,
-79.852724,43.260901,"0","0","651",85.7,2025/10/26 01:50:19+00,,,,,,,,,,,,,,,,,,,,,
-79.852724,43.260901,"0","0","652",85.7,2025/10/26 01:50:20+00,,,,,,,,,,,,,,,,,,,,,
-79.852726,43.260901,"0","0","653",85.7,2025/10/26 01:50:21+00,,,,,,,,,,,,,,,,,,,,,
-79.852727,43.260899,"0","0","654",85.7,2025/10/26 01:50:22+00,,,,,,,,,,,,,,,,,,,,,
-79.852729,43.260897,"0","0","655",85.7,2025/10/26 01:50:23+00,,,,,,,,,,,,,,,,,,,,,
-79.85273,43.260895,"0","0","656",85.7,2025/10/26 01:50:24+00,,,,,,,,,,,,,,,,,,,,,
-79.852731,43.260893,"0","0","657",85.7,2025/10/26 01:50:25+00,,,,,,,,,,,,,,,,,,,,,
-79.852733,43.260891,"0","0","658",85.7,2025/10/26 01:50:26+00,,,,,,,,,,,,,,,,,,,,,
-79.852734,43.260889,"0","0","659",85.7,2025/10/26 01:50:27+00,,,,,,,,,,,,,,,,,,,,,
-79.852735,43.260887,"0","0","660",85.7,2025/10/26 01:50:28+00,,,,,,,,,,,,,,,,,,,,,
-79.852737,43.260885,"0","0","661",85.7,2025/10/26 01:50:29+00,,,,,,,,,,,,,,,,,,,,,
-79.852738,43.260884,"0","0","662",85.7,2025/10/26 01:50:30+00,,,,,,,,,,,,,,,,,,,,,
-79.852739,43.260882,"0","0","663",85.7,2025/10/26 01:50:31+00,,,,,,,,,,,,,,,,,,,,,
-79.852741,43.26088,"0","0","664",85.7,2025/10/26 01:50:32+00,,,,,,,,,,,,,,,,,,,,,
-79.852742,43.260878,"0","0","665",85.7,2025/10/26 01:50:33+00,,,,,,,,,,,,,,,,,,,,,
-79.852743,43.260876,"0","0","666",85.7,2025/10/26 01:50:34+00,,,,,,,,,,,,,,,,,,,,,
-79.852745,43.260874,"0","0","667",85.7,2025/10/26 01:50:35+00,,,,,,,,,,,,,,,,,,,,,
-79.852746,43.260872,"0","0","668",85.7,2025/10/26 01:50:36+00,,,,,,,,,,,,,,,,,,,,,
-79.852747,43.26087,"0","0","669",85.7,2025/10/26 01:50:37+00,,,,,,,,,,,,,,,,,,,,,
-79.852749,43.260868,"0","0","670",85.7,2025/10/26 01:50:38+00,,,,,,,,,,,,,,,,,,,,,
-79.85275,43.260866,"0","0","671",85.7,2025/10/26 01:50:39+00,,,,,,,,,,,,,,,,,,,,,
-79.852763,43.260849,"0","0","672",85.7,2025/10/26 01:50:40+00,,,,,,,,,,,,,,,,,,,,,
-79.85277,43.260842,"0","0","673",85.7,2025/10/26 01:50:41+00,,,,,,,,,,,,,,,,,,,,,
-79.852776,43.260834,"0","0","674",85.7,2025/10/26 01:50:42+00,,,,,,,,,,,,,,,,,,,,,
-79.852785,43.260823,"0","0","675",85.7,2025/10/26 01:50:43+00,,,,,,,,,,,,,,,,,,,,,
-79.852797,43.260812,"0","0","676",85.7,2025/10/26 01:50:44+00,,,,,,,,,,,,,,,,,,,,,
-79.852818,43.260796,"0","0","677",85.7,2025/10/26 01:50:45+00,,,,,,,,,,,,,,,,,,,,,
-79.852826,43.260791,"0","0","678",85.8,2025/10/26 01:50:46+00,,,,,,,,,,,,,,,,,,,,,
-79.852834,43.260786,"0","0","679",85.8,2025/10/26 01:50:47+00,,,,,,,,,,,,,,,,,,,,,
-79.852848,43.260778,"0","0","680",85.8,2025/10/26 01:50:48+00,,,,,,,,,,,,,,,,,,,,,
-79.852861,43.260774,"0","0","681",85.8,2025/10/26 01:50:49+00,,,,,,,,,,,,,,,,,,,,,
-79.852874,43.260769,"0","0","682",85.8,2025/10/26 01:50:50+00,,,,,,,,,,,,,,,,,,,,,
-79.852885,43.260766,"0","0","683",85.8,2025/10/26 01:50:51+00,,,,,,,,,,,,,,,,,,,,,
-79.852894,43.260765,"0","0","684",85.8,2025/10/26 01:50:52+00,,,,,,,,,,,,,,,,,,,,,
-79.852903,43.260765,"0","0","685",85.8,2025/10/26 01:50:53+00,,,,,,,,,,,,,,,,,,,,,
-79.852911,43.260767,"0","0","686",85.8,2025/10/26 01:50:54+00,,,,,,,,,,,,,,,,,,,,,
-79.852916,43.26077,"0","0","687",85.8,2025/10/26 01:50:55+00,,,,,,,,,,,,,,,,,,,,,
-79.852924,43.260772,"0","0","688",85.8,2025/10/26 01:50:56+00,,,,,,,,,,,,,,,,,,,,,
-79.852935,43.260775,"0","0","689",85.8,2025/10/26 01:50:57+00,,,,,,,,,,,,,,,,,,,,,
-79.852947,43.260778,"0","0","690",85.8,2025/10/26 01:50:58+00,,,,,,,,,,,,,,,,,,,,,
-79.85296,43.26078,"0","0","691",85.9,2025/10/26 01:50:59+00,,,,,,,,,,,,,,,,,,,,,
-79.852974,43.260783,"0","0","692",85.9,2025/10/26 01:51:00+00,,,,,,,,,,,,,,,,,,,,,
-79.852985,43.260787,"0","0","693",85.9,2025/10/26 01:51:01+00,,,,,,,,,,,,,,,,,,,,,
-79.852993,43.260792,"0","0","694",85.9,2025/10/26 01:51:02+00,,,,,,,,,,,,,,,,,,,,,
-79.853001,43.260799,"0","0","695",85.9,2025/10/26 01:51:03+00,,,,,,,,,,,,,,,,,,,,,
-79.853008,43.260804,"0","0","696",85.9,2025/10/26 01:51:04+00,,,,,,,,,,,,,,,,,,,,,
-79.853017,43.26081,"0","0","697",85.9,2025/10/26 01:51:05+00,,,,,,,,,,,,,,,,,,,,,
-79.853029,43.260817,"0","0","698",85.9,2025/10/26 01:51:06+00,,,,,,,,,,,,,,,,,,,,,
-79.85304,43.260823,"0","0","699",85.9,2025/10/26 01:51:07+00,,,,,,,,,,,,,,,,,,,,,
-79.853051,43.260829,"0","0","700",85.9,2025/10/26 01:51:08+00,,,,,,,,,,,,,,,,,,,,,
-79.853064,43.260833,"0","0","701",85.9,2025/10/26 01:51:09+00,,,,,,,,,,,,,,,,,,,,,
-79.853075,43.260836,"0","0","702",85.9,2025/10/26 01:51:10+00,,,,,,,,,,,,,,,,,,,,,
-79.853085,43.260839,"0","0","703",85.9,2025/10/26 01:51:11+00,,,,,,,,,,,,,,,,,,,,,
-79.853097,43.260844,"0","0","704",85.9,2025/10/26 01:51:12+00,,,,,,,,,,,,,,,,,,,,,
-79.853118,43.260854,"0","0","705",86,2025/10/26 01:51:13+00,,,,,,,,,,,,,,,,,,,,,
-79.853129,43.26086,"0","0","706",86,2025/10/26 01:51:14+00,,,,,,,,,,,,,,,,,,,,,
-79.853139,43.260865,"0","0","707",86,2025/10/26 01:51:15+00,,,,,,,,,,,,,,,,,,,,,
-79.853163,43.260879,"0","0","708",86,2025/10/26 01:51:16+00,,,,,,,,,,,,,,,,,,,,,
-79.85317,43.260884,"0","0","709",86,2025/10/26 01:51:17+00,,,,,,,,,,,,,,,,,,,,,
-79.853178,43.260889,"0","0","710",86,2025/10/26 01:51:18+00,,,,,,,,,,,,,,,,,,,,,
-79.853191,43.260896,"0","0","711",86,2025/10/26 01:51:19+00,,,,,,,,,,,,,,,,,,,,,
-79.853205,43.260903,"0","0","712",86,2025/10/26 01:51:20+00,,,,,,,,,,,,,,,,,,,,,
-79.853215,43.260907,"0","0","713",86,2025/10/26 01:51:21+00,,,,,,,,,,,,,,,,,,,,,
-79.853226,43.260911,"0","0","714",86,2025/10/26 01:51:22+00,,,,,,,,,,,,,,,,,,,,,
-79.853237,43.260913,"0","0","715",86,2025/10/26 01:51:23+00,,,,,,,,,,,,,,,,,,,,,
-79.85325,43.260915,"0","0","716",86,2025/10/26 01:51:24+00,,,,,,,,,,,,,,,,,,,,,
-79.853265,43.260916,"0","0","717",86,2025/10/26 01:51:25+00,,,,,,,,,,,,,,,,,,,,,
-79.853277,43.260916,"0","0","718",86,2025/10/26 01:51:26+00,,,,,,,,,,,,,,,,,,,,,
-79.85329,43.260917,"0","0","719",86,2025/10/26 01:51:27+00,,,,,,,,,,,,,,,,,,,,,
-79.853302,43.260919,"0","0","720",86,2025/10/26 01:51:28+00,,,,,,,,,,,,,,,,,,,,,
-79.853316,43.260922,"0","0","721",86,2025/10/26 01:51:29+00,,,,,,,,,,,,,,,,,,,,,
-79.853328,43.260925,"0","0","722",86,2025/10/26 01:51:30+00,,,,,,,,,,,,,,,,,,,,,
-79.853339,43.260928,"0","0","723",85.9,2025/10/26 01:51:31+00,,,,,,,,,,,,,,,,,,,,,
-79.853352,43.260932,"0","0","724",85.9,2025/10/26 01:51:32+00,,,,,,,,,,,,,,,,,,,,,
-79.853367,43.260936,"0","0","725",85.9,2025/10/26 01:51:33+00,,,,,,,,,,,,,,,,,,,,,
-79.853382,43.26094,"0","0","726",85.9,2025/10/26 01:51:34+00,,,,,,,,,,,,,,,,,,,,,
-79.853396,43.260944,"0","0","727",85.9,2025/10/26 01:51:35+00,,,,,,,,,,,,,,,,,,,,,
-79.853409,43.260948,"0","0","728",85.9,2025/10/26 01:51:36+00,,,,,,,,,,,,,,,,,,,,,
-79.853423,43.260951,"0","0","729",85.9,2025/10/26 01:51:37+00,,,,,,,,,,,,,,,,,,,,,
-79.853436,43.260954,"0","0","730",85.9,2025/10/26 01:51:38+00,,,,,,,,,,,,,,,,,,,,,
-79.853446,43.260957,"0","0","731",85.9,2025/10/26 01:51:39+00,,,,,,,,,,,,,,,,,,,,,
-79.853457,43.260959,"0","0","732",85.9,2025/10/26 01:51:40+00,,,,,,,,,,,,,,,,,,,,,
-79.853466,43.260962,"0","0","733",85.9,2025/10/26 01:51:41+00,,,,,,,,,,,,,,,,,,,,,
-79.853478,43.260965,"0","0","734",85.8,2025/10/26 01:51:42+00,,,,,,,,,,,,,,,,,,,,,
-79.85349,43.26097,"0","0","735",85.8,2025/10/26 01:51:43+00,,,,,,,,,,,,,,,,,,,,,
-79.853501,43.260973,"0","0","736",85.8,2025/10/26 01:51:44+00,,,,,,,,,,,,,,,,,,,,,
-79.853509,43.260976,"0","0","737",85.8,2025/10/26 01:51:45+00,,,,,,,,,,,,,,,,,,,,,
-79.853517,43.260978,"0","0","738",85.8,2025/10/26 01:51:46+00,,,,,,,,,,,,,,,,,,,,,
-79.853524,43.26098,"0","0","739",85.8,2025/10/26 01:51:47+00,,,,,,,,,,,,,,,,,,,,,
-79.853528,43.260982,"0","0","740",85.8,2025/10/26 01:51:48+00,,,,,,,,,,,,,,,,,,,,,
-79.853533,43.260981,"0","0","741",85.8,2025/10/26 01:51:49+00,,,,,,,,,,,,,,,,,,,,,
-79.853544,43.26098,"0","0","742",85.8,2025/10/26 01:51:50+00,,,,,,,,,,,,,,,,,,,,,
-79.853553,43.260981,"0","0","743",85.8,2025/10/26 01:51:51+00,,,,,,,,,,,,,,,,,,,,,
-79.853563,43.260984,"0","0","744",85.8,2025/10/26 01:51:52+00,,,,,,,,,,,,,,,,,,,,,
-79.853574,43.260989,"0","0","745",85.8,2025/10/26 01:51:53+00,,,,,,,,,,,,,,,,,,,,,
-79.853582,43.260992,"0","0","746",85.8,2025/10/26 01:51:54+00,,,,,,,,,,,,,,,,,,,,,
-79.853588,43.26099,"0","0","747",85.8,2025/10/26 01:51:55+00,,,,,,,,,,,,,,,,,,,,,
-79.853598,43.260989,"0","0","748",85.8,2025/10/26 01:51:56+00,,,,,,,,,,,,,,,,,,,,,
-79.853607,43.260988,"0","0","749",85.7,2025/10/26 01:51:57+00,,,,,,,,,,,,,,,,,,,,,
-79.853615,43.260989,"0","0","750",85.7,2025/10/26 01:51:58+00,,,,,,,,,,,,,,,,,,,,,
-79.853624,43.260985,"0","0","751",85.7,2025/10/26 01:51:59+00,,,,,,,,,,,,,,,,,,,,,
-79.853633,43.260978,"0","0","752",85.7,2025/10/26 01:52:00+00,,,,,,,,,,,,,,,,,,,,,
-79.85364,43.260965,"0","0","753",85.7,2025/10/26 01:52:01+00,,,,,,,,,,,,,,,,,,,,,
-79.853644,43.26095,"0","0","754",85.7,2025/10/26 01:52:02+00,,,,,,,,,,,,,,,,,,,,,
-79.853648,43.260938,"0","0","755",85.7,2025/10/26 01:52:03+00,,,,,,,,,,,,,,,,,,,,,
-79.853654,43.260936,"0","0","756",85.7,2025/10/26 01:52:04+00,,,,,,,,,,,,,,,,,,,,,
-79.853662,43.260937,"0","0","757",85.7,2025/10/26 01:52:05+00,,,,,,,,,,,,,,,,,,,,,
-79.853673,43.260943,"0","0","758",85.7,2025/10/26 01:52:06+00,,,,,,,,,,,,,,,,,,,,,
-79.853684,43.260946,"0","0","759",85.6,2025/10/26 01:52:07+00,,,,,,,,,,,,,,,,,,,,,
-79.853694,43.260947,"0","0","760",85.6,2025/10/26 01:52:08+00,,,,,,,,,,,,,,,,,,,,,
-79.853703,43.260946,"0","0","761",85.6,2025/10/26 01:52:09+00,,,,,,,,,,,,,,,,,,,,,
-79.85371,43.260947,"0","0","762",85.6,2025/10/26 01:52:10+00,,,,,,,,,,,,,,,,,,,,,
-79.853715,43.260954,"0","0","763",85.6,2025/10/26 01:52:11+00,,,,,,,,,,,,,,,,,,,,,
-79.853723,43.260966,"0","0","764",85.6,2025/10/26 01:52:12+00,,,,,,,,,,,,,,,,,,,,,
-79.853737,43.260986,"0","0","765",85.6,2025/10/26 01:52:13+00,,,,,,,,,,,,,,,,,,,,,
-79.853741,43.260995,"0","0","766",85.6,2025/10/26 01:52:14+00,,,,,,,,,,,,,,,,,,,,,
-79.853746,43.261003,"0","0","767",85.6,2025/10/26 01:52:15+00,,,,,,,,,,,,,,,,,,,,,
-79.853759,43.261014,"0","0","768",85.6,2025/10/26 01:52:16+00,,,,,,,,,,,,,,,,,,,,,
-79.853772,43.261026,"0","0","769",85.5,2025/10/26 01:52:17+00,,,,,,,,,,,,,,,,,,,,,
-79.853787,43.261036,"0","0","770",85.5,2025/10/26 01:52:18+00,,,,,,,,,,,,,,,,,,,,,
-79.8538,43.261045,"0","0","771",85.5,2025/10/26 01:52:19+00,,,,,,,,,,,,,,,,,,,,,
-79.85381,43.261052,"0","0","772",85.5,2025/10/26 01:52:20+00,,,,,,,,,,,,,,,,,,,,,
-79.853822,43.261058,"0","0","773",85.5,2025/10/26 01:52:21+00,,,,,,,,,,,,,,,,,,,,,
-79.853837,43.261063,"0","0","774",85.5,2025/10/26 01:52:22+00,,,,,,,,,,,,,,,,,,,,,
-79.853865,43.261071,"0","0","775",85.5,2025/10/26 01:52:23+00,,,,,,,,,,,,,,,,,,,,,
-79.853874,43.261075,"0","0","776",85.5,2025/10/26 01:52:24+00,,,,,,,,,,,,,,,,,,,,,
-79.853884,43.261078,"0","0","777",85.5,2025/10/26 01:52:25+00,,,,,,,,,,,,,,,,,,,,,
-79.853903,43.261087,"0","0","778",85.5,2025/10/26 01:52:26+00,,,,,,,,,,,,,,,,,,,,,
-79.853911,43.261092,"0","0","779",85.4,2025/10/26 01:52:27+00,,,,,,,,,,,,,,,,,,,,,
-79.85392,43.261097,"0","0","780",85.4,2025/10/26 01:52:28+00,,,,,,,,,,,,,,,,,,,,,
-79.853929,43.261102,"0","0","781",85.4,2025/10/26 01:52:29+00,,,,,,,,,,,,,,,,,,,,,
-79.853938,43.261111,"0","0","782",85.4,2025/10/26 01:52:30+00,,,,,,,,,,,,,,,,,,,,,
-79.853944,43.261118,"0","0","783",85.4,2025/10/26 01:52:31+00,,,,,,,,,,,,,,,,,,,,,
-79.853952,43.261127,"0","0","784",85.4,2025/10/26 01:52:32+00,,,,,,,,,,,,,,,,,,,,,
-79.85396,43.261134,"0","0","785",85.4,2025/10/26 01:52:33+00,,,,,,,,,,,,,,,,,,,,,
-79.853967,43.261137,"0","0","786",85.4,2025/10/26 01:52:34+00,,,,,,,,,,,,,,,,,,,,,
-79.853976,43.261141,"0","0","787",85.4,2025/10/26 01:52:35+00,,,,,,,,,,,,,,,,,,,,,
-79.853985,43.261145,"0","0","788",85.4,2025/10/26 01:52:36+00,,,,,,,,,,,,,,,,,,,,,
-79.853995,43.261145,"0","0","789",85.4,2025/10/26 01:52:37+00,,,,,,,,,,,,,,,,,,,,,
-79.854002,43.261143,"0","0","790",85.4,2025/10/26 01:52:38+00,,,,,,,,,,,,,,,,,,,,,
-79.854012,43.261141,"0","0","791",85.4,2025/10/26 01:52:39+00,,,,,,,,,,,,,,,,,,,,,
-79.854022,43.261141,"0","0","792",85.4,2025/10/26 01:52:40+00,,,,,,,,,,,,,,,,,,,,,
-79.854032,43.261146,"0","0","793",85.4,2025/10/26 01:52:41+00,,,,,,,,,,,,,,,,,,,,,
-79.854043,43.261153,"0","0","794",85.4,2025/10/26 01:52:42+00,,,,,,,,,,,,,,,,,,,,,
-79.854052,43.261159,"0","0","795",85.3,2025/10/26 01:52:43+00,,,,,,,,,,,,,,,,,,,,,
-79.854063,43.261166,"0","0","796",85.3,2025/10/26 01:52:44+00,,,,,,,,,,,,,,,,,,,,,
-79.854076,43.261174,"0","0","797",85.3,2025/10/26 01:52:45+00,,,,,,,,,,,,,,,,,,,,,
-79.854088,43.261183,"0","0","798",85.3,2025/10/26 01:52:46+00,,,,,,,,,,,,,,,,,,,,,
-79.854098,43.261194,"0","0","799",85.3,2025/10/26 01:52:47+00,,,,,,,,,,,,,,,,,,,,,
-79.85411,43.261206,"0","0","800",85.3,2025/10/26 01:52:48+00,,,,,,,,,,,,,,,,,,,,,
-79.854125,43.261219,"0","0","801",85.3,2025/10/26 01:52:49+00,,,,,,,,,,,,,,,,,,,,,
-79.854141,43.261229,"0","0","802",85.3,2025/10/26 01:52:50+00,,,,,,,,,,,,,,,,,,,,,
-79.854159,43.261239,"0","0","803",85.3,2025/10/26 01:52:51+00,,,,,,,,,,,,,,,,,,,,,
-79.854177,43.261246,"0","0","804",85.3,2025/10/26 01:52:52+00,,,,,,,,,,,,,,,,,,,,,
-79.854193,43.261247,"0","0","805",85.3,2025/10/26 01:52:53+00,,,,,,,,,,,,,,,,,,,,,
-79.85421,43.261248,"0","0","806",85.3,2025/10/26 01:52:54+00,,,,,,,,,,,,,,,,,,,,,
-79.854225,43.26125,"0","0","807",85.3,2025/10/26 01:52:55+00,,,,,,,,,,,,,,,,,,,,,
-79.854225,43.26125,"0","0","808",85.3,2025/10/26 01:52:56+00,,,,,,,,,,,,,,,,,,,,,
-79.854234,43.261245,"0","0","809",85.3,2025/10/26 01:52:57+00,,,,,,,,,,,,,,,,,,,,,
-79.854243,43.261244,"0","0","810",85.3,2025/10/26 01:52:58+00,,,,,,,,,,,,,,,,,,,,,
-79.854254,43.261245,"0","0","811",85.3,2025/10/26 01:52:59+00,,,,,,,,,,,,,,,,,,,,,
-79.85426,43.261246,"0","0","812",85.3,2025/10/26 01:53:00+00,,,,,,,,,,,,,,,,,,,,,
-79.854268,43.261246,"0","0","813",85.2,2025/10/26 01:53:01+00,,,,,,,,,,,,,,,,,,,,,
-79.854277,43.261247,"0","0","814",85.2,2025/10/26 01:53:02+00,,,,,,,,,,,,,,,,,,,,,
-79.854289,43.261249,"0","0","815",85.2,2025/10/26 01:53:03+00,,,,,,,,,,,,,,,,,,,,,
-79.854304,43.261258,"0","0","816",85.2,2025/10/26 01:53:04+00,,,,,,,,,,,,,,,,,,,,,
-79.85432,43.261269,"0","0","817",85.2,2025/10/26 01:53:05+00,,,,,,,,,,,,,,,,,,,,,
-79.854335,43.261278,"0","0","818",85.2,2025/10/26 01:53:06+00,,,,,,,,,,,,,,,,,,,,,
-79.854359,43.261289,"0","0","819",85.2,2025/10/26 01:53:07+00,,,,,,,,,,,,,,,,,,,,,
-79.85437,43.261294,"0","0","820",85.2,2025/10/26 01:53:08+00,,,,,,,,,,,,,,,,,,,,,
-79.854381,43.261299,"0","0","821",85.2,2025/10/26 01:53:09+00,,,,,,,,,,,,,,,,,,,,,
-79.854398,43.261308,"0","0","822",85.2,2025/10/26 01:53:10+00,,,,,,,,,,,,,,,,,,,,,
-79.854416,43.26132,"0","0","823",85.2,2025/10/26 01:53:11+00,,,,,,,,,,,,,,,,,,,,,
-79.854435,43.26133,"0","0","824",85.1,2025/10/26 01:53:12+00,,,,,,,,,,,,,,,,,,,,,
-79.854455,43.26134,"0","0","825",85.1,2025/10/26 01:53:13+00,,,,,,,,,,,,,,,,,,,,,
-79.854486,43.261356,"0","0","826",85.1,2025/10/26 01:53:14+00,,,,,,,,,,,,,,,,,,,,,
-79.854497,43.26136,"0","0","827",85.1,2025/10/26 01:53:15+00,,,,,,,,,,,,,,,,,,,,,
-79.854516,43.26137,"0","0","828",85.1,2025/10/26 01:53:16+00,,,,,,,,,,,,,,,,,,,,,
-79.854531,43.261377,"0","0","829",85,2025/10/26 01:53:17+00,,,,,,,,,,,,,,,,,,,,,
-79.854558,43.261388,"0","0","830",85,2025/10/26 01:53:18+00,,,,,,,,,,,,,,,,,,,,,
-79.854569,43.261392,"0","0","831",85,2025/10/26 01:53:19+00,,,,,,,,,,,,,,,,,,,,,
-79.854581,43.261396,"0","0","832",85,2025/10/26 01:53:20+00,,,,,,,,,,,,,,,,,,,,,
-79.854598,43.261398,"0","0","833",85,2025/10/26 01:53:21+00,,,,,,,,,,,,,,,,,,,,,
-79.854605,43.261393,"0","0","834",85,2025/10/26 01:53:22+00,,,,,,,,,,,,,,,,,,,,,
-79.854608,43.261384,"0","0","835",85,2025/10/26 01:53:23+00,,,,,,,,,,,,,,,,,,,,,
-79.854611,43.26137,"0","0","836",85,2025/10/26 01:53:24+00,,,,,,,,,,,,,,,,,,,,,
-79.854613,43.261354,"0","0","837",85,2025/10/26 01:53:25+00,,,,,,,,,,,,,,,,,,,,,
-79.854614,43.261337,"0","0","838",85,2025/10/26 01:53:26+00,,,,,,,,,,,,,,,,,,,,,
-79.854616,43.261318,"0","0","839",85,2025/10/26 01:53:27+00,,,,,,,,,,,,,,,,,,,,,
-79.854617,43.261301,"0","0","840",85,2025/10/26 01:53:28+00,,,,,,,,,,,,,,,,,,,,,
-79.854617,43.261285,"0","0","841",85,2025/10/26 01:53:29+00,,,,,,,,,,,,,,,,,,,,,
-79.854616,43.26127,"0","0","842",85,2025/10/26 01:53:30+00,,,,,,,,,,,,,,,,,,,,,
-79.854614,43.26126,"0","0","843",85,2025/10/26 01:53:31+00,,,,,,,,,,,,,,,,,,,,,
-79.854612,43.261249,"0","0","844",85,2025/10/26 01:53:32+00,,,,,,,,,,,,,,,,,,,,,
-79.854611,43.261238,"0","0","845",85,2025/10/26 01:53:33+00,,,,,,,,,,,,,,,,,,,,,
-79.85461,43.261226,"0","0","846",85,2025/10/26 01:53:34+00,,,,,,,,,,,,,,,,,,,,,
-79.85461,43.261215,"0","0","847",85,2025/10/26 01:53:35+00,,,,,,,,,,,,,,,,,,,,,
-79.854611,43.261202,"0","0","848",85,2025/10/26 01:53:36+00,,,,,,,,,,,,,,,,,,,,,
-79.854613,43.261181,"0","0","849",85.1,2025/10/26 01:53:37+00,,,,,,,,,,,,,,,,,,,,,
-79.854614,43.261173,"0","0","850",85.1,2025/10/26 01:53:38+00,,,,,,,,,,,,,,,,,,,,,
-79.854615,43.261165,"0","0","851",85.1,2025/10/26 01:53:39+00,,,,,,,,,,,,,,,,,,,,,
-79.854618,43.261152,"0","0","852",85.1,2025/10/26 01:53:40+00,,,,,,,,,,,,,,,,,,,,,
-79.854618,43.261141,"0","0","853",85.1,2025/10/26 01:53:41+00,,,,,,,,,,,,,,,,,,,,,
-79.854618,43.261129,"0","0","854",85.1,2025/10/26 01:53:42+00,,,,,,,,,,,,,,,,,,,,,
-79.854618,43.261118,"0","0","855",85.1,2025/10/26 01:53:43+00,,,,,,,,,,,,,,,,,,,,,
-79.854619,43.261108,"0","0","856",85.1,2025/10/26 01:53:44+00,,,,,,,,,,,,,,,,,,,,,
-79.854622,43.261097,"0","0","857",85.1,2025/10/26 01:53:45+00,,,,,,,,,,,,,,,,,,,,,
-79.854627,43.261084,"0","0","858",85.1,2025/10/26 01:53:46+00,,,,,,,,,,,,,,,,,,,,,
-79.85463,43.261073,"0","0","859",85.1,2025/10/26 01:53:47+00,,,,,,,,,,,,,,,,,,,,,
-79.854634,43.261062,"0","0","860",85.1,2025/10/26 01:53:48+00,,,,,,,,,,,,,,,,,,,,,
-79.854643,43.261044,"0","0","861",85.1,2025/10/26 01:53:49+00,,,,,,,,,,,,,,,,,,,,,
-79.854646,43.261035,"0","0","862",85.1,2025/10/26 01:53:50+00,,,,,,,,,,,,,,,,,,,,,
-79.85465,43.261027,"0","0","863",85.1,2025/10/26 01:53:51+00,,,,,,,,,,,,,,,,,,,,,
-79.854656,43.261015,"0","0","864",85.1,2025/10/26 01:53:52+00,,,,,,,,,,,,,,,,,,,,,
-79.85466,43.261004,"0","0","865",85.1,2025/10/26 01:53:53+00,,,,,,,,,,,,,,,,,,,,,
-79.854664,43.260993,"0","0","866",85.1,2025/10/26 01:53:54+00,,,,,,,,,,,,,,,,,,,,,
-79.854669,43.260982,"0","0","867",85.2,2025/10/26 01:53:55+00,,,,,,,,,,,,,,,,,,,,,
-79.854674,43.260971,"0","0","868",85.2,2025/10/26 01:53:56+00,,,,,,,,,,,,,,,,,,,,,
-79.854678,43.260961,"0","0","869",85.2,2025/10/26 01:53:57+00,,,,,,,,,,,,,,,,,,,,,
-79.85468,43.260951,"0","0","870",85.2,2025/10/26 01:53:58+00,,,,,,,,,,,,,,,,,,,,,
-79.854683,43.260939,"0","0","871",85.2,2025/10/26 01:53:59+00,,,,,,,,,,,,,,,,,,,,,
-79.854686,43.260928,"0","0","872",85.2,2025/10/26 01:54:00+00,,,,,,,,,,,,,,,,,,,,,
-79.854689,43.260918,"0","0","873",85.2,2025/10/26 01:54:01+00,,,,,,,,,,,,,,,,,,,,,
-79.854691,43.26091,"0","0","874",85.2,2025/10/26 01:54:02+00,,,,,,,,,,,,,,,,,,,,,
-79.854696,43.260901,"0","0","875",85.2,2025/10/26 01:54:03+00,,,,,,,,,,,,,,,,,,,,,
-79.854704,43.260891,"0","0","876",85.2,2025/10/26 01:54:04+00,,,,,,,,,,,,,,,,,,,,,
-79.854708,43.260884,"0","0","877",85.2,2025/10/26 01:54:05+00,,,,,,,,,,,,,,,,,,,,,
-79.854712,43.260876,"0","0","878",85.2,2025/10/26 01:54:06+00,,,,,,,,,,,,,,,,,,,,,
-79.854714,43.260865,"0","0","879",85.2,2025/10/26 01:54:07+00,,,,,,,,,,,,,,,,,,,,,
-79.854719,43.260854,"0","0","880",85.2,2025/10/26 01:54:08+00,,,,,,,,,,,,,,,,,,,,,
-79.854725,43.260844,"0","0","881",85.2,2025/10/26 01:54:09+00,,,,,,,,,,,,,,,,,,,,,
-79.854732,43.260833,"0","0","882",85.2,2025/10/26 01:54:10+00,,,,,,,,,,,,,,,,,,,,,
-79.854738,43.260823,"0","0","883",85.2,2025/10/26 01:54:11+00,,,,,,,,,,,,,,,,,,,,,
-79.854742,43.260814,"0","0","884",85.2,2025/10/26 01:54:12+00,,,,,,,,,,,,,,,,,,,,,
-79.854747,43.260804,"0","0","885",85.2,2025/10/26 01:54:13+00,,,,,,,,,,,,,,,,,,,,,
-79.854755,43.260793,"0","0","886",85.2,2025/10/26 01:54:14+00,,,,,,,,,,,,,,,,,,,,,
-79.854759,43.260784,"0","0","887",85.2,2025/10/26 01:54:15+00,,,,,,,,,,,,,,,,,,,,,
-79.854764,43.260775,"0","0","888",85.2,2025/10/26 01:54:16+00,,,,,,,,,,,,,,,,,,,,,
-79.854769,43.260766,"0","0","889",85.2,2025/10/26 01:54:17+00,,,,,,,,,,,,,,,,,,,,,
-79.854774,43.26076,"0","0","890",85.2,2025/10/26 01:54:18+00,,,,,,,,,,,,,,,,,,,,,
-79.854779,43.260755,"0","0","891",85.2,2025/10/26 01:54:19+00,,,,,,,,,,,,,,,,,,,,,
-79.854783,43.260748,"0","0","892",85.2,2025/10/26 01:54:20+00,,,,,,,,,,,,,,,,,,,,,
-79.854785,43.260744,"0","0","893",85.2,2025/10/26 01:54:21+00,,,,,,,,,,,,,,,,,,,,,
-79.854788,43.260738,"0","0","894",85.2,2025/10/26 01:54:22+00,,,,,,,,,,,,,,,,,,,,,
-79.854792,43.260728,"0","0","895",85.2,2025/10/26 01:54:23+00,,,,,,,,,,,,,,,,,,,,,
-79.854795,43.260718,"0","0","896",85.2,2025/10/26 01:54:24+00,,,,,,,,,,,,,,,,,,,,,
-79.854798,43.260709,"0","0","897",85.2,2025/10/26 01:54:25+00,,,,,,,,,,,,,,,,,,,,,
-79.8548,43.260697,"0","0","898",85.2,2025/10/26 01:54:26+00,,,,,,,,,,,,,,,,,,,,,
-79.854802,43.260685,"0","0","899",85.2,2025/10/26 01:54:27+00,,,,,,,,,,,,,,,,,,,,,
-79.854806,43.260675,"0","0","900",85.2,2025/10/26 01:54:28+00,,,,,,,,,,,,,,,,,,,,,
-79.854811,43.260665,"0","0","901",85.3,2025/10/26 01:54:29+00,,,,,,,,,,,,,,,,,,,,,
-79.854818,43.260658,"0","0","902",85.3,2025/10/26 01:54:30+00,,,,,,,,,,,,,,,,,,,,,
-79.854825,43.260646,"0","0","903",85.3,2025/10/26 01:54:31+00,,,,,,,,,,,,,,,,,,,,,
-79.854829,43.260634,"0","0","904",85.3,2025/10/26 01:54:32+00,,,,,,,,,,,,,,,,,,,,,
-79.854831,43.260625,"0","0","905",85.3,2025/10/26 01:54:33+00,,,,,,,,,,,,,,,,,,,,,
-79.854831,43.260625,"0","0","906",85.3,2025/10/26 01:54:34+00,,,,,,,,,,,,,,,,,,,,,
-79.854822,43.260621,"0","0","907",85.3,2025/10/26 01:54:35+00,,,,,,,,,,,,,,,,,,,,,
-79.854815,43.260623,"0","0","908",85.3,2025/10/26 01:54:36+00,,,,,,,,,,,,,,,,,,,,,
-79.854811,43.260628,"0","0","909",85.3,2025/10/26 01:54:37+00,,,,,,,,,,,,,,,,,,,,,
-79.854809,43.260632,"0","0","910",85.3,2025/10/26 01:54:38+00,,,,,,,,,,,,,,,,,,,,,
-79.854806,43.260637,"0","0","911",85.3,2025/10/26 01:54:39+00,,,,,,,,,,,,,,,,,,,,,
-79.854804,43.260642,"0","0","912",85.3,2025/10/26 01:54:40+00,,,,,,,,,,,,,,,,,,,,,
-79.854803,43.260648,"0","0","913",85.3,2025/10/26 01:54:41+00,,,,,,,,,,,,,,,,,,,,,
-79.854803,43.260648,"0","0","914",85.3,2025/10/26 01:54:42+00,,,,,,,,,,,,,,,,,,,,,
-79.854803,43.260647,"0","0","915",85.3,2025/10/26 01:54:43+00,,,,,,,,,,,,,,,,,,,,,
-79.854807,43.260633,"0","0","916",85.3,2025/10/26 01:54:44+00,,,,,,,,,,,,,,,,,,,,,
-79.854815,43.260621,"0","0","917",85.3,2025/10/26 01:54:45+00,,,,,,,,,,,,,,,,,,,,,
-79.854827,43.260615,"0","0","918",85.3,2025/10/26 01:54:46+00,,,,,,,,,,,,,,,,,,,,,
-79.85484,43.260613,"0","0","919",85.3,2025/10/26 01:54:47+00,,,,,,,,,,,,,,,,,,,,,
-79.85485,43.26062,"0","0","920",85.3,2025/10/26 01:54:48+00,,,,,,,,,,,,,,,,,,,,,
-79.854859,43.260622,"0","0","921",85.3,2025/10/26 01:54:49+00,,,,,,,,,,,,,,,,,,,,,
-79.854863,43.260623,"0","0","922",85.3,2025/10/26 01:54:50+00,,,,,,,,,,,,,,,,,,,,,
-79.854863,43.260623,"0","0","923",85.3,2025/10/26 01:54:51+00,,,,,,,,,,,,,,,,,,,,,
-79.854868,43.260632,"0","0","924",85.3,2025/10/26 01:54:52+00,,,,,,,,,,,,,,,,,,,,,
-79.85487,43.260641,"0","0","925",85.3,2025/10/26 01:54:53+00,,,,,,,,,,,,,,,,,,,,,
-79.854868,43.260647,"0","0","926",85.3,2025/10/26 01:54:54+00,,,,,,,,,,,,,,,,,,,,,
-79.854865,43.260654,"0","0","927",85.3,2025/10/26 01:54:55+00,,,,,,,,,,,,,,,,,,,,,
-79.85487,43.260665,"0","0","928",85.3,2025/10/26 01:54:56+00,,,,,,,,,,,,,,,,,,,,,
-79.854878,43.260674,"0","0","929",85.3,2025/10/26 01:54:57+00,,,,,,,,,,,,,,,,,,,,,
-79.854883,43.260678,"0","0","930",85.3,2025/10/26 01:54:58+00,,,,,,,,,,,,,,,,,,,,,
-79.854884,43.260683,"0","0","931",85.3,2025/10/26 01:54:59+00,,,,,,,,,,,,,,,,,,,,,
-79.854882,43.260686,"0","0","932",85.3,2025/10/26 01:55:00+00,,,,,,,,,,,,,,,,,,,,,
-79.85488,43.26069,"0","0","933",85.3,2025/10/26 01:55:01+00,,,,,,,,,,,,,,,,,,,,,
-79.854878,43.260693,"0","0","934",85.3,2025/10/26 01:55:02+00,,,,,,,,,,,,,,,,,,,,,
-79.854876,43.260697,"0","0","935",85.3,2025/10/26 01:55:03+00,,,,,,,,,,,,,,,,,,,,,
-79.854874,43.260701,"0","0","936",85.3,2025/10/26 01:55:04+00,,,,,,,,,,,,,,,,,,,,,
-79.854872,43.260704,"0","0","937",85.3,2025/10/26 01:55:05+00,,,,,,,,,,,,,,,,,,,,,
-79.85487,43.260708,"0","0","938",85.3,2025/10/26 01:55:06+00,,,,,,,,,,,,,,,,,,,,,
-79.854868,43.260711,"0","0","939",85.3,2025/10/26 01:55:07+00,,,,,,,,,,,,,,,,,,,,,
-79.854866,43.260715,"0","0","940",85.3,2025/10/26 01:55:08+00,,,,,,,,,,,,,,,,,,,,,
-79.854848,43.260744,"0","0","941",85.3,2025/10/26 01:55:09+00,,,,,,,,,,,,,,,,,,,,,
-79.85484,43.260752,"0","0","942",85.3,2025/10/26 01:55:10+00,,,,,,,,,,,,,,,,,,,,,
-79.854829,43.260768,"0","0","943",85.3,2025/10/26 01:55:11+00,,,,,,,,,,,,,,,,,,,,,
-79.854816,43.260775,"0","0","944",85.3,2025/10/26 01:55:12+00,,,,,,,,,,,,,,,,,,,,,
-79.854803,43.260768,"0","0","945",85.3,2025/10/26 01:55:13+00,,,,,,,,,,,,,,,,,,,,,
-79.854796,43.260746,"0","0","946",85.3,2025/10/26 01:55:14+00,,,,,,,,,,,,,,,,,,,,,
